Meta,UniqueID,Article,Author,Year,treatment,treatmentSD,treatmentN,control,controlSD,controlN
Jia et al,1,1,Andersen et al.,2014,-0.04,0.03,10,0,0,10
Jia et al,2,1,Andersen et al.,2014,-0.13,0.04,10,-0.1,0.06,10
Jia et al,3,1,Andersen et al.,2014,-0.13,0.05,10,-0.06,0.04,10
Jia et al,4,1,Andersen et al.,2014,-0.2,0.08,10,-0.22,0.1,10
Jia et al,5,1,Andersen et al.,2014,-0.2,0.07,10,-0.03,0.04,10
Jia et al,6,2,Anderson et al.,2007,23.4,2.7,8,18,2.2,8
Jia et al,7,2,Anderson et al.,2007,523.57,41.94,12,594.12,17.43,12
Jia et al,8,2,Anderson et al.,2007,465.05,36.15,12,765.14,110.95,12
Jia et al,9,2,Anderson et al.,2007,581.53,63.53,12,854.19,167.81,12
Jia et al,10,2,Anderson et al.,2007,491.16,61.35,12,652.87,120.38,12
Jia et al,11,2,Anderson et al.,2007,497.97,77.26,12,692.19,181.21,12
Jia et al,12,2,Anderson et al.,2007,626.67,56.94,12,775.77,60.52,12
Jia et al,13,2,Anderson et al.,2007,317.81,49.89,12,718.56,85.68,12
Jia et al,14,3,Augustine & Frank,2001,2.0472,0.1761,16,1.6069,0.2862,16
Jia et al,15,3,Augustine & Frank,2001,16.95,4.2,16,14.75,2.6,16
Jia et al,16,4,Augustine & McNaughton,1998,202,31.63265306,16,234,51.02040816,8
Jia et al,17,5,B?›ez et al.,2006,0.0466,0.0084,36,0.0431,0.0066,36
Jia et al,18,5,B?›ez et al.,2006,0.2067,0.0184,36,0.2148,0.018,36
Jia et al,19,5,B?›ez et al.,2006,0.1769,0.0122,36,0.1687,0.0163,36
Jia et al,20,5,B?›ez et al.,2006,0.0353,0.0078,36,0.0321,0.0064,36
Jia et al,21,5,B?›ez et al.,2006,2.02,0.18,36,2.07,0.18,36
Jia et al,22,5,B?›ez et al.,2006,1.5,0.08,36,1.52,0.07,36
Jia et al,23,5,B?›ez et al.,2006,0.79,0.03,36,0.83,0.03,36
Jia et al,24,5,B?›ez et al.,2006,0.97,0.13,36,0.9,0.12,36
Jia et al,25,6,Bagchi et al.,2014,12.7731,4.801938776,36,77.9832,13.71979592,36
Jia et al,26,6,Bagchi et al.,2014,3.72,0.219387755,36,3.48,0.290816327,36
Jia et al,27,7,Bakker et al.,2006,20.6667,0.9997,3,22.6667,1.6666,3
Jia et al,28,7,Bakker et al.,2006,17.6667,1,3,22.6667,1.6666,3
Jia et al,29,7,Bakker et al.,2006,20.6667,0.9997,3,17.6667,1,3
Jia et al,30,7,Bakker et al.,2006,17.3333,2.6666,3,16,2.6667,3
Jia et al,31,7,Bakker et al.,2006,20,2,3,16,2.6667,3
Jia et al,32,7,Bakker et al.,2006,17.3333,2.6666,3,20,2,3
Jia et al,33,7,Bakker et al.,2006,14.4538,2.353,3,26.2185,1.6807,3
Jia et al,34,7,Bakker et al.,2006,16.6667,1.6666,3,26.2185,1.6807,3
Jia et al,35,7,Bakker et al.,2006,14.4538,2.353,3,16.6667,1.6666,3
Jia et al,36,7,Bakker et al.,2006,25.2101,1.6807,6,30.2521,1.6807,6
Jia et al,37,7,Bakker et al.,2006,11.3333,2.3334,3,10,1.6667,3
Jia et al,38,7,Bakker et al.,2006,10.6667,1.3333,3,10,1.6667,3
Jia et al,39,7,Bakker et al.,2006,11.3333,2.3334,3,10.6667,1.3333,3
Jia et al,40,7,Bakker et al.,2006,34.0984,0.9836,3,30.4918,2.6229,3
Jia et al,41,7,Bakker et al.,2006,17.8512,0.9918,5,12.562,1.3223,5
Jia et al,42,7,Bakker et al.,2006,12.8571,1.3187,5,12.562,1.3223,5
Jia et al,43,7,Bakker et al.,2006,17.8512,0.9918,5,12.8571,1.3187,5
Jia et al,44,8,Beck et al.,2013,15.4688,2.3437,9,23.5938,2.3437,9
Jia et al,45,8,Beck et al.,2013,0.814,0.048316327,9,0.814,0.023265306,9
Jia et al,46,8,Beck et al.,2013,57.2368,10.06984694,9,232.895,21.14642857,9
Jia et al,47,9,Begley-Miller et al.,2014,9.44,0.66,4,11.01,0.5,4
Jia et al,48,9,Begley-Miller et al.,2014,1.435294118,0.082352941,4,1.611764706,0.058823529,4
Jia et al,49,10,Borer et al.,2009,0.45,0.04,20,0.49,0.06,20
Jia et al,50,10,Borer et al.,2009,0.06,0.03,20,0.07,0.04,20
Jia et al,51,10,Borer et al.,2009,0.42,0.03,20,0.29,0.03,20
Jia et al,52,11,Bricker et al.,2010,0.129,0.063,7,0.304,0.073,7
Jia et al,53,11,Bricker et al.,2010,0.046,0.017,7,0.2,0.041,7
Jia et al,54,11,Bricker et al.,2010,0.033,0.013,7,0.124,0.062,7
Jia et al,55,11,Bricker et al.,2010,0.016,0.01,7,0.079,0.022,7
Jia et al,56,12,Brocardo et al.,2013,13.8237,1.5729,15,13.1186,1.4916,15
Jia et al,57,12,Brocardo et al.,2013,1.021,0.038,15,0.9695,0.0525,15
Jia et al,58,12,Brocardo et al.,2013,26.2,3.37,15,31.06,3.77,15
Jia et al,59,13,Bugalho et al.,2011,100.4,10.6,5,176.7,18.3,5
Jia et al,60,13,Bugalho et al.,2011,0.6568,0.0351,5,0.7135,0.0324,5
Jia et al,61,13,Bugalho et al.,2011,0.0405,0.0109,5,0.0432,0.0352,5
Jia et al,62,13,Bugalho et al.,2011,0.0514,0.0243,5,0.0973,0.0351,5
Jia et al,63,13,Bugalho et al.,2011,0.027,0.0081,5,0.0162,0.0352,5
Jia et al,64,13,Bugalho et al.,2011,0.0378,0.0136,5,0.0135,0.0351,5
Jia et al,65,14,Burkepile et al.,2016,1.08193,0.02575,10,1.0515,0.0368,10
Jia et al,66,14,Burkepile et al.,2016,0.3229,0.0628,10,0.2456,0.0485,10
Jia et al,67,14,Burkepile et al.,2016,20.7653,1.3776,10,14.7959,1.3776,10
Jia et al,68,14,Burkepile et al.,2016,1.7661,0.1376,10,1.4495,0.1652,10
Jia et al,69,15,Camargo-Sanabria et al.,2015,0.711,0.0476,21,0.8246,0.0329,21
Jia et al,70,15,Camargo-Sanabria et al.,2015,0.711,0.0476,21,0.6952,0.044,21
Jia et al,71,15,Camargo-Sanabria et al.,2015,0.8246,0.0329,21,0.6952,0.044,21
Jia et al,72,15,Camargo-Sanabria et al.,2015,7.9825,2.7631,21,19.3421,4.2983,21
Jia et al,73,15,Camargo-Sanabria et al.,2015,7.9825,2.7631,21,11.0526,3.6842,21
Jia et al,74,15,Camargo-Sanabria et al.,2015,11.0526,3.6842,21,19.3421,4.2983,21
Jia et al,75,16,Christopher et al.,2014,1.4686,0.1188,6,1.4188,0.1322,6
Jia et al,76,16,Christopher et al.,2014,17.6887,1.8396,6,17.5943,1.6353,6
Jia et al,77,16,Christopher et al.,2014,30.9091,6.6667,3,57.5758,13.9394,3
Jia et al,78,16,Christopher et al.,2014,39.6296,5.1852,3,29.6292,9.2597,3
Jia et al,79,16,Christopher et al.,2014,548.148,88.889,3,1318.52,251.85,3
Jia et al,80,16,Christopher et al.,2014,137.405,36.641,3,265.649,73.282,3
Jia et al,81,17,Clark et al.,2012,307.69,30.77,12,288.57,16.04,12
Jia et al,82,18,Collard et al.,2010,1.64,0.3,6,4.32,0.55,6
Jia et al,83,18,Collard et al.,2010,0.15,0.07,6,1.66,0.51,6
Jia et al,84,18,Collard et al.,2010,3,1.2,6,1.07,0.36,6
Jia et al,85,18,Collard et al.,2010,42.5,7.3,6,49,8.6,6
Jia et al,86,18,Collard et al.,2010,0.35,0.05,6,1.34,0.25,6
Jia et al,87,18,Collard et al.,2010,0.14,0.05,6,0.18,0.04,6
Jia et al,88,18,Collard et al.,2010,24.7,7.4,6,53.4,9.4,6
Jia et al,89,18,Collard et al.,2010,1.76,1.05,6,9.7,2.65,6
Jia et al,90,18,Collard et al.,2010,2.6829,0.9756,6,0.7317,0.4878,6
Jia et al,91,18,Collard et al.,2010,5.8537,2.6829,6,4.8781,1.9512,6
Jia et al,92,18,Collard et al.,2010,9.2683,2.6829,6,5.8537,2.439,6
Jia et al,93,18,Collard et al.,2010,0.2439,0.2439,6,0.9756,0.4878,6
Jia et al,94,18,Collard et al.,2010,12.439,5.6098,6,17.561,5.1219,6
Jia et al,95,18,Collard et al.,2010,1.4634,0.7317,6,2.439,0.9756,6
Jia et al,96,18,Collard et al.,2010,0.15,0.09,6,0.3,0.18,6
Jia et al,97,18,Collard et al.,2010,41,4,6,40,3,6
Jia et al,98,19,Cornett et al.,2000,0.074,0.029,7,0.099,0.026,7
Jia et al,99,19,Cornett et al.,2000,0.018,0.005,7,0.007,0.005,7
Jia et al,100,19,Cornett et al.,2000,0.296,0.123,7,0.138,0.066,7
Jia et al,101,19,Cornett et al.,2000,0.029,0.021,7,0.096,0.028,7
Jia et al,102,19,Cornett et al.,2000,0.018,0.005,7,0.007,0.005,7
Jia et al,103,19,Cornett et al.,2000,0.084,0.054,7,0.068,0.026,7
Jia et al,104,20,Cornett et al.,1998,-0.464,0.0787,9,-0.3802,0.0602,9
Jia et al,105,20,Cornett et al.,1998,-0.485,0.1124,9,-0.464,0.0603,9
Jia et al,106,21,C?t?? et al.,2003,-0.113625,0.08525,5,-0.04465,0.060875,5
Jia et al,107,21,C?t?? et al.,2003,-0.1258,0.097425,4,-0.02435,0.036525,4
Jia et al,108,22,Coupe et al.,2009,0.8534,0.0432,10,0.931,0.035,10
Jia et al,109,22,Coupe et al.,2009,355.17,24.14,10,337.93,24.14,10
Jia et al,110,22,Coupe et al.,2009,10.99,0.43,10,9.91,0.65,10
Jia et al,111,23,Cushman et al.,2004,5.38,0.63,11,4.51,0.75,11
Jia et al,112,23,Cushman et al.,2004,4.67,0.95,9,3.02,0.7,9
Jia et al,113,23,Cushman et al.,2004,18.75,6.25,11,18.75,3.13,11
Jia et al,114,23,Cushman et al.,2004,150,68.75,9,143.75,50,9
Jia et al,115,23,Cushman et al.,2004,2.96,0.62,11,6.54,2.23,11
Jia et al,116,23,Cushman et al.,2004,6.54,2.84,9,1.36,0.62,9
Jia et al,117,23,Cushman et al.,2004,13.04,7.97,11,8.7,3.62,11
Jia et al,118,23,Cushman et al.,2004,6.52,4.35,9,5.07,3.63,9
Jia et al,119,24,D?›valos et al.,2015,0.1718,0.0583,6,0.1951,0.0699,6
Jia et al,120,25,del-Val et al.,2007,0.235,0.05,16,0.48,0.057,16
Jia et al,121,26,del-Val et al.,2010,0.495,0.072,13,0.832,0.033,13
Jia et al,122,26,del-Val et al.,2010,0.301,0.061,16,0.559,0.057,16
Jia et al,123,27,del-Val & Crawley,2005,68.08,8.84,4,71.92,11.16,4
Jia et al,124,27,del-Val & Crawley,2005,3.58,2.9,4,10.75,5.62,4
Jia et al,125,27,del-Val & Crawley,2005,0.41,0.21,4,4.66,1.14,4
Jia et al,126,27,del-Val & Crawley,2005,0.41,0.2,4,4.66,1.14,4
Jia et al,127,28,Dlott & Turkington,2000,0.5556,0.1888,4,0.8111,0.0667,4
Jia et al,128,28,Dlott & Turkington,2000,0.2439,0.1073,4,0.3707,0.1659,4
Jia et al,129,29,Dunham,2008,-0.0858,0.0255,7,-0.1858,0.0331,7
Jia et al,130,30,Ferreira et al.,2011,4.0976,0.6829,29,5.8902,0.9391,29
Jia et al,131,30,Ferreira et al.,2011,0.27,0.09,29,1.2,0.32,29
Jia et al,132,30,Ferreira et al.,2011,0.6,0.14,29,1.17,0.21,29
Jia et al,133,31,Fine et al.,2004,-0.090909091,0.022727273,22,-0.115909091,0.043181818,22
Jia et al,134,32,Ford et al.,2014,58.42696629,15.73033708,9,195.505618,38.20224719,9
Jia et al,135,32,Ford et al.,2014,161.7977528,35.9551,9,24.71910112,11.23595506,9
Jia et al,136,33,Forrester et al.,2006,28.2,5.9,3,27.76,6.8,3
Jia et al,137,33,Forrester et al.,2006,47.9,15.9,3,69.6,20.1,3
Jia et al,138,34,Fraser & Grime,1997,0.36,0.06122449,10,0.36,0.06122449,10
Jia et al,139,34,Fraser & Grime,1997,2.5,0.12244898,10,2.38,0.244897959,10
Jia et al,140,34,Fraser & Grime,1997,5.12,0.790816327,10,9.88,1.336734694,10
Jia et al,141,34,Fraser & Grime,1997,9.17,0.908163265,10,14.17,0.607142857,10
Jia et al,142,34,Fraser & Grime,1997,25.24,1.459183673,10,25.95,1.336734694,10
Jia et al,143,34,Fraser & Grime,1997,4.4,0.551020408,10,4.64,0.489795918,10
Jia et al,144,35,Fraser & Madson,2008,3.84,0.4,6,5.1733,0.8,6
Jia et al,145,36,Goheen et al.,2004,0.2934,0.089,24,0.1514,0.0494,24
Jia et al,146,36,Goheen et al.,2004,0.056,0.0462,24,0.1514,0.0494,24
Jia et al,147,36,Goheen et al.,2004,0.056,0.0462,24,0.2934,0.089,24
Jia et al,148,37,Goheen et al.,2010,73.2824,18.3207,8,128.244,54.962,8
Jia et al,149,38,Goheen & Palmer,2010,0.1795,0.05,6,0.2393,0.0134,6
Jia et al,150,38,Goheen & Palmer,2010,0.0141,0.0019,6,0.0359,0.0098,6
Jia et al,151,38,Goheen & Palmer,2010,0.0105,0.0008,6,0.0414,0.0121,6
Jia et al,152,38,Goheen & Palmer,2010,0.009,0.0019,6,0.0309,0.0089,6
Jia et al,153,38,Goheen & Palmer,2010,0.0035,0.002,6,0.0089,0.0009,6
Jia et al,154,38,Goheen & Palmer,2010,0,0,6,0.009,0.0004,6
Jia et al,155,39,Grainger & Turkington,2013,0.85,0.76,5,1.94,0.85,5
Jia et al,156,40,Gripenberg et al.,2014,0.8441,0.0269,6,0.8602,0.0269,6
Jia et al,157,40,Gripenberg et al.,2014,0.8602,0.0323,6,0.871,0.0268,6
Jia et al,158,40,Gripenberg et al.,2014,0.9628,0.0053,6,0.9734,0.0053,6
Jia et al,159,40,Gripenberg et al.,2014,0.867,0.0266,6,0.8883,0.0266,6
Jia et al,160,40,Gripenberg et al.,2014,42.04,3.77,6,45.73,3.93,6
Jia et al,161,41,Guariguata et al.,2000,0,0,58,0.0394,0.0281,73
Jia et al,162,42,Guti??rrez-Granados et al.,2011,0.083333333,0.085,12,0.068333333,0.071666667,12
Jia et al,163,42,Guti??rrez-Granados et al.,2011,0.083333333,0.085,12,0.043333333,0.065,12
Jia et al,164,42,Guti??rrez-Granados et al.,2011,0.068333333,0.071666667,12,0.043333333,0.065,12
Jia et al,165,42,Guti??rrez-Granados et al.,2011,0.055,0.05,12,0.026666667,0.043333333,12
Jia et al,166,42,Guti??rrez-Granados et al.,2011,0.055,0.05,12,0.055,0.053333333,12
Jia et al,167,42,Guti??rrez-Granados et al.,2011,0.026666667,0.043333333,12,0.055,0.053333333,12
Jia et al,168,43,Herrera et al.,2002,9.148,2.287,16,22.0628,4.843,16
Jia et al,169,43,Herrera et al.,2002,4.1772,1.3291,16,9.0506,3.481,16
Jia et al,170,44,Hidding et al.,2012,8.381,4.9523,3,7.8095,4.7619,3
Jia et al,171,45,Hobbs et al.,2007,9.94,0.06,72,9.39,0.06,72
Jia et al,172,46,Holmes & Webster,2011,2.92,0.020408163,24,2.735,0.053571429,11
Jia et al,173,46,Holmes & Webster,2011,56.685,2.089285714,24,44.22,2.882653061,11
Jia et al,174,47,Howe & Brown,2001,4.7,0.37,6,3.7,0.26,12
Jia et al,175,47,Howe & Brown,2001,-7.5,0.32,6,-5.63,0.18,12
Jia et al,176,47,Howe & Brown,2001,0.8,0.5,6,0,0,12
Jia et al,177,47,Howe & Brown,2001,11,3.6,6,3.8,2.2,12
Jia et al,178,47,Howe & Brown,2001,4.6,3,6,9.4,3.8,12
Jia et al,179,47,Howe & Brown,2001,0.5,0.5,6,3.6,1.4,12
Jia et al,180,47,Howe & Brown,2001,0.5,0.2,6,0.2,0.1,12
Jia et al,181,47,Howe & Brown,2001,13.7,2.3,6,5.8,1.3,12
Jia et al,182,47,Howe & Brown,2001,7.7,2.4,6,4.8,1.4,12
Jia et al,183,47,Howe & Brown,2001,0.3,0.2,6,0.2,0.1,12
Jia et al,184,47,Howe & Brown,2001,7.7,1.7,6,3,0.6,12
Jia et al,185,47,Howe & Brown,2001,20.8,4.1,6,29,5.2,12
Jia et al,186,47,Howe & Brown,2001,24.3,2.5,6,17.2,2.2,12
Jia et al,187,48,Howe & Brown,2000,11.5,0.3,12,12.5,0.6,6
Jia et al,188,48,Howe & Brown,2000,-5.68,0.02,6,-5.57,0.31,6
Jia et al,189,48,Howe & Brown,2000,20.3,1.6,6,21.5,2.5,6
Jia et al,190,48,Howe & Brown,2000,38.5,3.9,6,37.3,5.4,6
Jia et al,191,48,Howe & Brown,2000,28.2,5.8,6,21.2,5.3,6
Jia et al,192,48,Howe & Brown,2000,32.5,3.2,6,81.2,3.7,6
Jia et al,193,48,Howe & Brown,2000,10,2.7,6,8.8,1.5,6
Jia et al,194,48,Howe & Brown,2000,31.7,4.6,6,17.7,3.2,6
Jia et al,195,48,Howe & Brown,2000,27.8,3.2,6,17.8,1,6
Jia et al,196,48,Howe & Brown,2000,42.8,5.4,6,32.2,3.1,6
Jia et al,197,48,Howe & Brown,2000,2.5,1,6,2.2,0.9,6
Jia et al,198,48,Howe & Brown,2000,4.3,1.7,6,2.5,1.4,6
Jia et al,199,48,Howe & Brown,2000,0.2,0.2,6,2.2,0.9,6
Jia et al,200,48,Howe & Brown,2000,1.8,0.7,6,1.7,0.8,6
Jia et al,201,48,Howe & Brown,2000,6.5,1.3,6,2.8,0.7,6
Jia et al,202,48,Howe & Brown,2000,0,0,6,0.7,0.3,6
Jia et al,203,49,Hu et al.,2016,0.0326,0.0327,5,0.1898,0.0623,5
Jia et al,204,50,Hulme,1996,11.68,1.18,5,15.8,1.48,5
Jia et al,205,50,Hulme,1996,9.42,1.18,5,15.8,1.48,5
Jia et al,206,50,Hulme,1996,0.53,0.08,5,0.39,0.1,5
Jia et al,207,50,Hulme,1996,0.41,0.08,5,0.39,0.1,5
Jia et al,208,51,Huntzinger et al.,2011,0.1156,0.0274,12,0.1805,0.0461,12
Jia et al,209,52,Husheer et al.,2006,0.201,0.162,12,0.313,0.121,12
Jia et al,210,52,Husheer et al.,2006,10.8,4.4,12,11.2,4.4,12
Jia et al,211,53,Ickes et al.,2001,14.9,8.4,16,48.8,10.6,8
Jia et al,212,53,Ickes et al.,2001,75.5,17.8,16,117.5,21,8
Jia et al,213,53,Ickes et al.,2001,50.6,1.06,16,55.7,1.05,8
Jia et al,214,53,Ickes et al.,2001,45.8,2.31,16,39.7,2.81,8
Jia et al,215,54,John & Turkington,1995,0.6849,0.1713,4,1.3014,0.3767,4
Jia et al,216,54,John & Turkington,1995,36.9863,10.9589,4,34.9315,5.4795,4
Jia et al,217,54,John & Turkington,1995,9.931,1.1035,4,11.3103,3.0345,4
Jia et al,218,54,John & Turkington,1995,1.0204,0.3401,4,1.1905,0.3061,4
Jia et al,219,54,John & Turkington,1995,16.4384,2.4657,4,23.0137,6.5753,4
Jia et al,220,55,John & Turkington,1997,18.16,4.73,8,18.16,4.73,8
Jia et al,221,55,John & Turkington,1997,47.84,9.41,8,75.69,18.43,8
Jia et al,222,56,Johnson et al.,2015,0.2516,0.0702,10,0.3823,0.075,10
Jia et al,223,56,Johnson et al.,2015,0.1016,0.0532,10,0.1016,0.0532,10
Jia et al,224,56,Johnson et al.,2015,0.2952,0.0726,10,0.3605,0.075,10
Jia et al,225,56,Johnson et al.,2015,0.2323,0.0677,10,0.1016,0.0532,10
Jia et al,226,56,Johnson et al.,2015,0.2879,0.0682,10,0.2083,0.0417,10
Jia et al,227,56,Johnson et al.,2015,0.3939,0.0985,10,0.4545,0.1175,10
Jia et al,228,56,Johnson et al.,2015,0.6364,0.1363,10,0.5,0.0985,10
Jia et al,229,56,Johnson et al.,2015,0.553,0.125,10,0.7386,0.1705,10
Jia et al,230,57,Kalisz et al.,2014,1.04,0.007653061,6,1.2,0.010204082,6
Jia et al,231,58,Kauffman & Maron,2006,22095.2,8357.653061,6,58666.7,10301.22449,6
Jia et al,232,59,Keesing ,2000,796.18,74.71,9,1251.08,58.83,9
Jia et al,233,60,Keuroghlian & Eaton,2009,1.5894,0.781841529,10,1.6777,0.753918617,10
Jia et al,234,60,Keuroghlian & Eaton,2009,10.2428,3.741701796,10,37.9691,12.02642655,10
Jia et al,235,61,Koerner et al.,2014,2.2624,0.0709,21,1.8794,0.0851,21
Jia et al,236,61,Koerner et al.,2014,1.4397,0.0993,21,1.3972,0.0993,21
Jia et al,237,61,Koerner et al.,2014,29.8137,1.5528,21,20.4969,1.2422,21
Jia et al,238,61,Koerner et al.,2014,10.8689,1.5535,21,8.6957,1.2423,21
Jia et al,239,62,Korell et al.,2016,0.0282,0.0122,8,0.0442,0.0176,8
Jia et al,240,62,Korell et al.,2016,0.0282,0.0122,8,0.016,0.0069,8
Jia et al,241,62,Korell et al.,2016,0.0191,0.0084,10,0.0183,0.0092,10
Jia et al,242,62,Korell et al.,2016,0.0191,0.0084,10,0.0175,0.0084,10
Jia et al,243,62,Korell et al.,2016,0.0173,0.0068,8,0.0301,0.0113,8
Jia et al,244,62,Korell et al.,2016,0.0173,0.0068,8,0.00602,0.003002556,8
Jia et al,245,62,Korell et al.,2016,0.0211,0.0075,10,0.0218,0.008270677,10
Jia et al,246,62,Korell et al.,2016,0.0211,0.0075,10,0.0195,0.007518797,10
Jia et al,247,63,Kuijper et al.,2010,3.89,1.08,29,3.79,0.77,29
Jia et al,248,63,Kuijper et al.,2010,3.9,0.28,29,3.93,0.27,29
Jia et al,249,63,Kuijper et al.,2010,0.79,0.08,27,0.62,0.08,27
Jia et al,250,64,Kurten & Carson,2015,20.6557,2.9509,28,35.9016,4.9181,28
Jia et al,251,64,Kurten & Carson,2015,78.0392,5.4902,28,96.0784,3.1373,28
Jia et al,252,64,Kurten & Carson,2015,3.3492,0.0794,28,3.4524,0.0794,28
Jia et al,253,64,Kurten & Carson,2015,0.7738,0.0215,8,0.7602,0.0176,8
Jia et al,254,65,Lagendijk et al.,2011,1050,433.6734694,12,937,241.3265306,12
Jia et al,255,65,Lagendijk et al.,2011,1047.244094,182.7896513,12,1543.307087,393.7007874,12
Jia et al,256,65,Lagendijk et al.,2011,1017.847769,337.4578178,12,1952.851348,407.7615298,12
Jia et al,257,65,Lagendijk et al.,2011,6.25,4.783163265,12,30.46875,24.7130102,12
Jia et al,258,65,Lagendijk et al.,2011,167,106.6326531,12,319,107.1428571,12
Jia et al,259,65,Lagendijk et al.,2011,38.0952381,12.95756398,12,311.1111111,229.9967606,12
Jia et al,260,67,Larouche et al.,2011,1.19,0.117346939,8,0.41,0.091836735,8
Jia et al,261,66,La Pierre et al.,2015,0.8438,0.0227,15,0.7733,0.0151,15
Jia et al,262,66,La Pierre et al.,2015,0.8111,0.0302,15,0.7733,0.0151,15
Jia et al,263,66,La Pierre et al.,2015,0.7632,0.0202,15,0.7733,0.0151,15
Jia et al,264,66,La Pierre et al.,2015,0.1209,0.0202,15,0.1788,0.0227,15
Jia et al,265,66,La Pierre et al.,2015,0.1184,0.0126,15,0.1788,0.0227,15
Jia et al,266,66,La Pierre et al.,2015,0.1688,0.0126,15,0.1788,0.0227,15
Jia et al,267,66,La Pierre et al.,2015,16.3819,0.7538,15,17.4372,0.7538,15
Jia et al,268,66,La Pierre et al.,2015,15.1759,0.8543,15,17.4372,0.7538,15
Jia et al,269,66,La Pierre et al.,2015,16.6332,0.6532,15,17.4372,0.7538,15
Jia et al,270,66,La Pierre et al.,2015,0.7161,0.0151,15,0.7387,0.0176,15
Jia et al,271,66,La Pierre et al.,2015,0.7035,0.0251,15,0.7387,0.0176,15
Jia et al,272,66,La Pierre et al.,2015,0.7613,0.0126,15,0.7387,0.0176,15
Jia et al,273,66,La Pierre et al.,2015,18.4615,9.2308,6,78.4615,36.9235,6
Jia et al,274,66,La Pierre et al.,2015,23.0769,18.4616,6,78.4615,36.9235,6
Jia et al,275,66,La Pierre et al.,2015,27.6923,13.8462,6,78.4615,36.9235,6
Jia et al,276,66,La Pierre et al.,2015,284.615,53.847,6,300,46.154,6
Jia et al,277,66,La Pierre et al.,2015,400,46.154,6,300,46.154,6
Jia et al,278,66,La Pierre et al.,2015,269.231,30.769,6,300,46.154,6
Jia et al,279,68,Liang et al.,2002,-0.8585,0.2264,8,-0.8019,0.217,8
Jia et al,280,68,Liang et al.,2002,-0.6415,0.0849,8,-0.434,0.0849,8
Jia et al,281,68,Liang et al.,2002,-0.5905,0.0952,8,-0.6,0.0952,8
Jia et al,282,68,Liang et al.,2002,-0.8381,0.2,8,-0.7905,0.2571,8
Jia et al,283,68,Liang et al.,2002,-0.7207,0.3153,8,-0.3333,0.1802,8
Jia et al,284,68,Liang et al.,2002,-0.9009,0.0811,8,-0.6847,0.0811,8
Jia et al,285,68,Liang et al.,2002,0.66,0.793,8,2.184,0.793,8
Jia et al,286,68,Liang et al.,2002,1.39,0.53,8,3.51,0.54,8
Jia et al,287,69,Lilleeng et al.,2016,2.21,0.02,12,2.14,0.03,12
Jia et al,288,70,Long et al.,2007,1.357466063,1.357466063,6,31.76470588,11.67420814,6
Jia et al,289,70,Long et al.,2007,4.873646209,2.274368231,6,12.40072202,4.927797834,6
Jia et al,290,70,Long et al.,2007,3.2491,1.9495,6,28.80866426,22.74368231,6
Jia et al,291,70,Long et al.,2007,0.31884058,0.31884058,6,4.782608696,1.47826087,6
Jia et al,292,70,Long et al.,2007,1.413934426,0.676229508,6,12.66393443,6.516393443,6
Jia et al,293,70,Long et al.,2007,2.670984456,0.42746114,6,5.676165803,0.945595855,6
Jia et al,294,71,Louda & Potvin,1995,24.47,6.16,40,45.63,6.48,54
Jia et al,295,71,Louda & Potvin,1995,0.1,0.11,9,1.6,0.8,27
Jia et al,296,72,Maher et al.,2015,0.4926,0.0583,10,0.9657,0.0206,10
Jia et al,297,73,Maron et al.,2014,0.0165,0.022,10,0.0385,0.0221,10
Jia et al,298,73,Maron et al.,2014,0.046788991,0.046788991,10,0.011009174,0.049541284,10
Jia et al,299,73,Maron et al.,2014,0.049541284,0.027522936,6,0.035779817,0.027522936,6
Jia et al,300,73,Maron et al.,2014,0.011009174,0.068807339,6,0.024770642,0.074311927,6
Jia et al,301,73,Maron et al.,2014,0.05,0.019230769,10,0.057692308,0.019230769,10
Jia et al,302,73,Maron et al.,2014,0.107692308,0.046153846,10,0.138461538,0.046153846,10
Jia et al,303,74,Maron & Kauffman,2006,0.1381,0.0903,6,0.425,0.0708,6
Jia et al,304,74,Maron & Kauffman,2006,0.0075,0.0703,6,0.425,0.0708,6
Jia et al,305,74,Maron & Kauffman,2006,4.75,1.5833,6,8.75,2.0833,6
Jia et al,306,74,Maron & Kauffman,2006,0.0833,0.25,6,8.75,2.0833,6
Jia et al,307,74,Maron & Kauffman,2006,15369.5,2364.5,6,46108.4,14187.2,6
Jia et al,308,74,Maron & Kauffman,2006,13793.1,3546.8,6,46108.4,14187.2,6
Jia et al,309,75,Maron et al.,2012,0.4,0.193877551,10,1.5,0.637755102,10
Jia et al,310,75,Maron et al.,2012,2.4,1.25,10,4.5,2.43877551,10
Jia et al,311,75,Maron et al.,2012,0.2,0.229591837,10,0,0,10
Jia et al,312,75,Maron et al.,2012,0.1,0.056122449,10,0,0.066326531,10
Jia et al,313,75,Maron et al.,2012,1.3,0.535714286,10,1.5,0.892857143,10
Jia et al,314,75,Maron et al.,2012,0,0,10,0.4,0.331632653,10
Jia et al,315,75,Maron et al.,2012,1.4,0.698979592,10,1.9,0.760204082,10
Jia et al,316,75,Maron et al.,2012,0.3,0.178571429,10,0.6,0.290816327,10
Jia et al,317,75,Maron et al.,2012,5.5,1.831632653,10,9.9,1.683673469,10
Jia et al,318,75,Maron et al.,2012,1.7,0.704081633,10,1.8,0.954081633,10
Jia et al,319,75,Maron et al.,2012,0.8,0.612244898,10,0.7,0.37755102,10
Jia et al,320,75,Maron et al.,2012,0.3,0.331632653,10,0.1,0.066326531,10
Jia et al,321,76,Maron & Pearson ,2011,107,17,8,126,17,8
Jia et al,322,76,Maron & Pearson ,2011,43.1,8.6,8,50,10.3,8
Jia et al,323,76,Maron & Pearson ,2011,91.13043478,15.82608696,6,136.173913,35.30434783,6
Jia et al,324,76,Maron & Pearson ,2011,39.48717949,17.43589744,6,40.51282051,11.79487179,6
Jia et al,325,77,Maron,1997,-0.591532258,0.094354839,12,-0.28125,0.074395161,12
Jia et al,326,78,Martin & Wilsey,2006,5.93,0.14,16,6.12,0.17,8
Jia et al,327,78,Martin & Wilsey,2006,10.86,0.82,16,11.02,1.1,8
Jia et al,328,78,Martin & Wilsey,2006,2.63,0.33,16,2.76,0.44,8
Jia et al,329,78,Martin & Wilsey,2006,0.26,0.02,16,0.24,0.03,8
Jia et al,330,78,Martin & Wilsey,2006,24.1,20.1,16,6.9,4.5,8
Jia et al,331,78,Martin & Wilsey,2006,5.3,2.9,16,13.1,11.1,8
Jia et al,332,78,Martin & Wilsey,2006,4.4,1.6,16,3.8,2.6,8
Jia et al,333,78,Martin & Wilsey,2006,3.4,1.8,16,5,2.7,8
Jia et al,334,78,Martin & Wilsey,2006,2.5,1.8,16,5,3.3,8
Jia et al,335,78,Martin & Wilsey,2006,15.3,7.3,16,9.4,3.9,8
Jia et al,336,79,McInnes et al.,1992,8.3,1.1,20,7.8,1.3,20
Jia et al,337,79,McInnes et al.,1992,10.5,2.7,10,7.5,2.3,10
Jia et al,338,80,Merrill et al.,2003,0.0009,0.0009,6,0.0001,0.0001,6
Jia et al,339,80,Merrill et al.,2003,0.019,0.019,6,0.0786,0.0783,6
Jia et al,340,80,Merrill et al.,2003,0.0315,0.0218,6,0.0091,0.0058,6
Jia et al,341,80,Merrill et al.,2003,0.0052,0.0052,6,0,0,6
Jia et al,342,80,Merrill et al.,2003,0.0006,0.0006,6,0,0,6
Jia et al,343,80,Merrill et al.,2003,0.1231,0.0517,6,0.0632,0.034,6
Jia et al,344,80,Merrill et al.,2003,0.0095,0.0076,6,0.0011,0.0008,6
Jia et al,345,80,Merrill et al.,2003,0.0333,0.0286,6,0.0083,0.0052,6
Jia et al,346,80,Merrill et al.,2003,0,0,6,0.0007,0.0007,6
Jia et al,347,80,Merrill et al.,2003,0.425,0.0923,6,0.2525,0.0752,6
Jia et al,348,80,Merrill et al.,2003,0.0151,0.0151,6,0.0002,0.0001,6
Jia et al,349,80,Merrill et al.,2003,0.0068,0.0068,6,0.0028,0.0026,6
Jia et al,350,80,Merrill et al.,2003,0.0003,0.0003,6,0.0026,0.0026,6
Jia et al,351,80,Merrill et al.,2003,0,0,6,0.0029,0.0029,6
Jia et al,352,80,Merrill et al.,2003,0,0,6,0.0029,0.0029,6
Jia et al,353,80,Merrill et al.,2003,0.0892,0.0232,6,0.1215,0.0385,6
Jia et al,354,80,Merrill et al.,2003,0.0022,0.0022,6,0.0008,0.0006,6
Jia et al,355,80,Merrill et al.,2003,0.0885,0.0547,6,0.1217,0.0444,6
Jia et al,356,80,Merrill et al.,2003,0.0023,0.0013,6,0.0378,0.0254,6
Jia et al,357,80,Merrill et al.,2003,0.0025,0.0025,6,0.0344,0.0344,6
Jia et al,358,80,Merrill et al.,2003,0.0024,0.0018,6,0.0048,0.0048,6
Jia et al,359,80,Merrill et al.,2003,0.0004,0.0004,6,0.0084,0.0051,6
Jia et al,360,80,Merrill et al.,2003,0.0002,0.0002,6,0.015,0.0062,6
Jia et al,361,80,Merrill et al.,2003,0.0014,0.0009,6,0.0001,0.0001,6
Jia et al,362,80,Merrill et al.,2003,0,0,6,0.004,0.0033,6
Jia et al,363,80,Merrill et al.,2003,0,0,6,0.5,0.34,6
Jia et al,364,80,Merrill et al.,2003,2.67,1.38,6,3.17,1.3,6
Jia et al,365,80,Merrill et al.,2003,0.17,0.17,6,0.33,0.33,6
Jia et al,366,80,Merrill et al.,2003,0,0,6,0.17,0.17,6
Jia et al,367,80,Merrill et al.,2003,3.67,2.29,6,3.83,1.82,6
Jia et al,368,80,Merrill et al.,2003,0,0,6,5.17,6.89,6
Jia et al,369,80,Merrill et al.,2003,8.67,5.9,6,0.5,0.83,6
Jia et al,370,80,Merrill et al.,2003,0.67,0.36,6,2.67,3.56,6
Jia et al,371,80,Merrill et al.,2003,75,33.61,6,149.33,87.67,6
Jia et al,372,80,Merrill et al.,2003,0,0,6,3,3.33,6
Jia et al,373,80,Merrill et al.,2003,4.5,3.06,6,3.83,3.83,6
Jia et al,374,80,Merrill et al.,2003,7,4.67,6,8.67,11.56,6
Jia et al,375,80,Merrill et al.,2003,49.67,33.79,6,0,0,6
Jia et al,376,81,Moe et al.,2009,0.2909,0.0772,60,0.85,0.0773,60
Jia et al,377,81,Moe et al.,2009,0.7091,0.0636,60,0.85,0.0773,60
Jia et al,378,81,Moe et al.,2009,0.2909,0.0772,60,0.7091,0.0636,60
Jia et al,379,81,Moe et al.,2009,0.5273,0.0954,27,0.7136,0.1046,27
Jia et al,380,81,Moe et al.,2009,0.7409,0.0955,27,0.7136,0.1046,27
Jia et al,381,81,Moe et al.,2009,0.5273,0.0954,27,0.7409,0.0955,27
Jia et al,382,81,Moe et al.,2009,0.1636,0.0841,60,0.7523,0.0795,60
Jia et al,383,81,Moe et al.,2009,0.4299,0.0841,60,0.7523,0.0795,60
Jia et al,384,81,Moe et al.,2009,0.1636,0.0841,60,0.4299,0.0841,60
Jia et al,385,81,Moe et al.,2009,0.2944,0.0748,60,0.8131,0.0794,60
Jia et al,386,81,Moe et al.,2009,0.7103,0.0794,60,0.8131,0.0794,60
Jia et al,387,81,Moe et al.,2009,0.2944,0.0748,60,0.7103,0.0794,60
Jia et al,388,82,Norghauer & Newbery,2011,0.2804,0.021,48,0.3528,0.0304,48
Jia et al,389,82,Norghauer & Newbery,2011,0.2033,0.0233,48,0.3435,0.0257,48
Jia et al,390,82,Norghauer & Newbery,2011,0.045901639,0.009836066,33,0.101639344,0.016393443,39
Jia et al,391,82,Norghauer & Newbery,2011,0.127868852,0.019672131,40,0.180327869,0.026229508,37
Jia et al,392,83,Nuttle et al.,2013,4.8,1.05,8,8.55,0.9,8
Jia et al,393,83,Nuttle et al.,2013,2.4,0.525,8,3.825,0.525,8
Jia et al,394,83,Nuttle et al.,2013,51.64556962,21.26582278,8,139.7468354,33.41772152,8
Jia et al,395,84,Olnes & Kielland,2016,0.21,0.16,7,0.9,0.8,7
Jia et al,396,84,Olnes & Kielland,2016,0.005338078,0.066725979,7,0.002669039,0.016014235,7
Jia et al,397,84,Olnes & Kielland,2016,0.28,0.16,5,0.5,0.12,10
Jia et al,398,85,Osunkjoya et al.,1992,0.1684,0.0715,30,0.2143,0.0816,30
Jia et al,399,85,Osunkjoya et al.,1992,0.0714,0.0459,48,0.8776,0.0306,48
Jia et al,400,85,Osunkjoya et al.,1992,0.1493,0.0497,30,0.7512,0.0796,30
Jia et al,401,85,Osunkjoya et al.,1992,0.5075,0.0945,30,0.9353,0.0299,30
Jia et al,402,85,Osunkjoya et al.,1992,0.0305,0.0304,30,0.5888,0.0813,30
Jia et al,403,85,Osunkjoya et al.,1992,0.65,0.095,30,0.785,0.07,30
Jia et al,404,85,Osunkjoya et al.,1992,0.0153,0.0459,30,0.0306,0.0357,30
Jia et al,405,85,Osunkjoya et al.,1992,0.1173,0.046,60,0.301,0.0663,60
Jia et al,406,85,Osunkjoya et al.,1992,0.2836,0.0846,30,0.4677,0.0895,30
Jia et al,407,85,Osunkjoya et al.,1992,0.7065,0.0646,30,0.6866,0.0498,30
Jia et al,408,85,Osunkjoya et al.,1992,0.1218,0.0559,30,0.467,0.0914,30
Jia et al,409,85,Osunkjoya et al.,1992,0,0,30,0.82,0.07,30
Jia et al,410,86,Pacheco,2001,-0.77,0.043116122,11,-0.656,0.073568768,11
Jia et al,411,86,Pacheco,2001,-0.77,0.043116122,11,-0.59,0.070252143,11
Jia et al,412,86,Pacheco,2001,-0.656,0.073568768,11,-0.59,0.070252143,11
Jia et al,413,86,Pacheco,2001,-0.353,0.131458946,11,-0.325,0.084423176,11
Jia et al,414,86,Pacheco,2001,-0.353,0.131458946,11,-0.259,0.071458189,11
Jia et al,415,86,Pacheco,2001,-0.325,0.084423176,11,-0.259,0.071458189,11
Jia et al,416,86,Pacheco,2001,0.832,0.020502771,11,0.859,0.021105794,11
Jia et al,417,86,Pacheco,2001,0.832,0.020502771,11,0.832,0.024422419,11
Jia et al,418,86,Pacheco,2001,0.859,0.021105794,11,0.832,0.024422419,11
Jia et al,419,86,Pacheco,2001,0.077,0.027136021,11,0.573,0.056985644,11
Jia et al,420,86,Pacheco,2001,0.077,0.027136021,11,0.718,0.031055668,11
Jia et al,421,86,Pacheco,2001,0.573,0.056985644,11,0.718,0.031055668,11
Jia et al,422,86,Pacheco,2001,0.191,0.033467759,11,0.295,0.060000758,11
Jia et al,423,86,Pacheco,2001,0.191,0.033467759,11,0.341,0.062111337,11
Jia et al,424,86,Pacheco,2001,0.295,0.060000758,11,0.341,0.062111337,11
Jia et al,425,86,Pacheco,2001,0.055,0.020804283,11,0.386,0.064824939,11
Jia et al,426,86,Pacheco,2001,0.055,0.020804283,11,0.536,0.053970531,11
Jia et al,427,86,Pacheco,2001,0.386,0.064824939,11,0.536,0.053970531,11
Jia et al,428,86,Pacheco,2001,0.272,0.018995215,11,0.319,0.020502771,11
Jia et al,429,86,Pacheco,2001,0.272,0.018995215,11,0.322,0.023819396,11
Jia et al,430,86,Pacheco,2001,0.319,0.020502771,11,0.322,0.023819396,11
Jia et al,431,86,Pacheco,2001,0.497,0.042211588,11,0.527,0.030452646,11
Jia et al,432,86,Pacheco,2001,0.497,0.042211588,11,0.538,0.013869522,11
Jia et al,433,86,Pacheco,2001,0.527,0.030452646,11,0.538,0.013869522,11
Jia et al,434,87,Paine & Beck,2007,0.1355,0.042806122,112,0.31295,0.054311224,112
Jia et al,435,87,Paine & Beck,2007,0.31295,0.054311224,112,0.1613,0.046071429,112
Jia et al,436,87,Paine & Beck,2007,0.39,0.178571429,112,1.755,0.181122449,112
Jia et al,437,87,Paine & Beck,2007,0.545,0.170918367,112,0.615,0.170918367,112
Jia et al,438,87,Paine & Beck,2007,0.585,0.079081633,112,0.28,0.071428571,112
Jia et al,439,87,Paine & Beck,2007,0.445,0.068877551,112,0.445,0.073979592,112
Jia et al,440,88,Pearson & Callaway,2008,0,0.3571,4,32.5,7.5,4
Jia et al,441,88,Pearson & Callaway,2008,0.7143,0.3571,4,3.5714,0.7143,4
Jia et al,442,88,Pearson & Callaway,2008,0.373541,0.124513,4,3.29961,1.02724,4
Jia et al,443,88,Pearson & Callaway,2008,0.18677,0.015565,4,0.389105,0.108949,4
Jia et al,444,89,Peters,2007,6439.02,1455.86,8,5918.7,1365.85,8
Jia et al,445,89,Peters,2007,5918.7,1365.85,8,5918.7,1365.85,8
Jia et al,446,90,Pringle et al.,2014,977.586,181.034,9,2594.83,458.62,9
Jia et al,447,90,Pringle et al.,2014,-0.207,0.06,20,-0.0224,0.0104,20
Jia et al,448,90,Pringle et al.,2014,0.3704,0.3703,15,62.963,8.8889,15
Jia et al,449,91,Pringle et al.,2016,0.158878505,0.08411215,5,0.85046729,0.074766355,5
Jia et al,450,91,Pringle et al.,2016,0.654205607,0.112149533,5,1,0,5
Jia et al,451,92,Pringle et al.,2007,841,126,6,1150,138,6
Jia et al,452,92,Pringle et al.,2007,0.66,0.13,6,0.82,0.08,6
Jia et al,453,93,Prugh & Brashares,2012,1.536965812,0.039529915,20,1.457905983,0.045940171,20
Jia et al,454,93,Prugh & Brashares,2012,11.67948718,0.333333333,20,11.82051282,0.320512821,20
Jia et al,455,93,Prugh & Brashares,2012,50.5,6.7,20,58.8,6.7,20
Jia et al,456,93,Prugh & Brashares,2012,0.517586207,0.018965517,20,0.572758621,0.024137931,20
Jia et al,457,94,Rooney,2009,1.58,0.089,4,1.8,0.083,4
Jia et al,458,94,Rooney,2009,0.21,0.14,4,0.74,0.06,4
Jia et al,459,94,Rooney,2009,0.38,0.09,4,0.89,0.2,4
Jia et al,460,94,Rooney,2009,0.2,0.09,4,0.54,0.19,4
Jia et al,461,94,Rooney,2009,0.125,0.0417,4,1.1458,0.0417,4
Jia et al,462,95,Royo & Carson,2005,13.125,0.93,8,16.74,0.87,8
Jia et al,463,95,Royo & Carson,2005,1.1983,0.177,8,1.225,0.1367,8
Jia et al,464,95,Royo & Carson,2005,0.41,0.09,8,0.56,0.11,8
Jia et al,465,95,Royo & Carson,2005,0.04,0.04,8,0.01,0.01,8
Jia et al,466,95,Royo & Carson,2005,0.14,0.14,8,0.17,0.17,8
Jia et al,467,95,Royo & Carson,2005,0.03,0.03,8,0.15,0.15,8
Jia et al,468,95,Royo & Carson,2005,0.04,0.03,8,0.04,0.03,8
Jia et al,469,95,Royo & Carson,2005,0.88,0.46,8,0.27,0.13,8
Jia et al,470,95,Royo & Carson,2005,0.07,0.07,8,0.04,0.03,8
Jia et al,471,95,Royo & Carson,2005,0.06,0.06,8,0.07,0.07,8
Jia et al,472,95,Royo & Carson,2005,0.09,0.05,8,0.26,0.08,8
Jia et al,473,95,Royo & Carson,2005,0.01,0.01,8,0.12,0.12,8
Jia et al,474,95,Royo & Carson,2005,0.49,0.11,8,0.79,0.16,8
Jia et al,475,95,Royo & Carson,2005,0.03,0.03,8,0.54,0.54,8
Jia et al,476,95,Royo & Carson,2005,0.32,0.15,8,0.19,0.09,8
Jia et al,477,95,Royo & Carson,2005,0.92,0.43,8,0.86,0.44,8
Jia et al,478,95,Royo & Carson,2005,0.1,0.06,8,0.27,0.22,8
Jia et al,479,95,Royo & Carson,2005,0.04,0.03,8,0.06,0.04,8
Jia et al,480,95,Royo & Carson,2005,0.34,0.3,8,0.07,0.04,8
Jia et al,481,95,Royo & Carson,2005,0.05,0.02,8,0.07,0.02,8
Jia et al,482,95,Royo & Carson,2005,0.09,0.04,8,0.06,0.02,8
Jia et al,483,95,Royo & Carson,2005,0.06,0.06,8,0.03,0.03,8
Jia et al,484,96,Royo & Carson,2008,1.3254,0.3728,3,7.1657,2.2367,3
Jia et al,485,96,Royo & Carson,2008,17.7644,5.8006,3,12.3263,2.3565,3
Jia et al,486,96,Royo & Carson,2008,-0.6082,0.0702,3,-0.3099,0.0439,3
Jia et al,487,96,Royo & Carson,2008,-0.5579,0.0641,3,-0.4268,0.0823,3
Jia et al,488,96,Royo & Carson,2008,-0.7825,0.0574,3,-0.7523,0.0483,3
Jia et al,489,97,Royo et al.,2010,0.829,0.1295,5,0.8808,0.2591,5
Jia et al,490,97,Royo et al.,2010,0.0217,0.0094,8,0.0435,0.0155,8
Jia et al,491,97,Royo et al.,2010,0.3699,0.1016,5,0.2974,0.1088,5
Jia et al,492,97,Royo et al.,2010,0.0093,0.0031,8,0.0187,0.0155,8
Jia et al,493,97,Royo et al.,2010,0.1743,0.1207,5,0.2279,0.0939,5
Jia et al,494,97,Royo et al.,2010,0.0154,0.0092,8,0.0308,0.0154,8
Jia et al,495,98,Rueda et al.,2010,144.1,13.2,7,311.6,53.2,7
Jia et al,496,98,Rueda et al.,2010,689.6,49.6,7,640.4,92.1,7
Jia et al,497,99,Russell et al.,2010,0.7808,0.1856,2,0.9152,0.0768,7
Jia et al,498,99,Russell et al.,2010,0.376,0.0848,20,0.6464,0.0704,36
Jia et al,499,99,Russell et al.,2010,0.6336,0.1408,8,0.8384,0.0896,7
Jia et al,500,99,Russell et al.,2010,0.672,0.1536,6,0.864,0.0768,8
Jia et al,501,99,Russell et al.,2010,0.2816,0.0832,17,0.5504,0.0896,24
Jia et al,502,100,Sankaran et al.,2013,21.3,1.3,3,613.3,63.3,3
Jia et al,503,100,Sankaran et al.,2013,29.3,23.6,3,548,293.1,3
Jia et al,504,100,Sankaran et al.,2013,30.7,20.7,3,302.7,124.8,3
Jia et al,505,100,Sankaran et al.,2013,197.3,173.4,3,368,96.9,3
Jia et al,506,100,Sankaran et al.,2013,-0.206,0.053,3,-0.061,0.013,3
Jia et al,507,100,Sankaran et al.,2013,-0.119,0.002,3,-0.1,0.064,3
Jia et al,508,100,Sankaran et al.,2013,-0.383,0.116,3,-0.077,0.013,3
Jia et al,509,100,Sankaran et al.,2013,-0.277,0.086,3,-0.086,0.015,3
Jia et al,510,101,Siemann & Rogers,2003,0.15411,0.030822,66,0.15411,0.030822,53
Jia et al,511,101,Siemann & Rogers,2003,0.09247,0.01027,27,0.07192,0.01027,40
Jia et al,512,101,Siemann & Rogers,2003,0.5651,0.2363,60,0.4623,0.1439,87
Jia et al,513,102,St Clair et al.,2016,0.28,0.03,5,0.48,0.013,5
Jia et al,514,102,St Clair et al.,2016,0.032,0.013,5,0.31,0.029,5
Jia et al,515,103,Stein et al.,2010,20.17,0.67,14,19.77,0.68,14
Jia et al,516,103,Stein et al.,2010,500,27.586,14,532.184,24.138,14
Jia et al,517,103,Stein et al.,2010,0.4432,0.0272,14,0.407,0.0211,14
Jia et al,518,103,Stein et al.,2010,0.0794,0.0108,14,0.0366,0.0108,14
Jia et al,519,103,Stein et al.,2010,0.3125,0.0431,14,0.2908,0.0411,14
Jia et al,520,103,Stein et al.,2010,0.0637,0.016,14,0.0616,0.0125,14
Jia et al,521,103,Stein et al.,2010,0.0901,0.0161,14,0.0848,0.0139,14
Jia et al,522,103,Stein et al.,2010,0.732584,0.006742,14,0.67191,0.01573,14
Jia et al,523,104,Stohlgren et al.,1999,12.9,0.7,40,7.6,0.6,40
Jia et al,524,104,Stohlgren et al.,1999,18.8,1.2,20,16.2,1.3,20
Jia et al,525,104,Stohlgren et al.,1999,6.8,0.8,20,6.5,0.5,20
Jia et al,526,104,Stohlgren et al.,1999,10.8,0.5,30,8.8,0.6,30
Jia et al,527,104,Stohlgren et al.,1999,0.87,0.15,12,0.68,0.11,12
Jia et al,528,104,Stohlgren et al.,1999,0.99,0.05,6,0.91,0.08,6
Jia et al,529,104,Stohlgren et al.,1999,0.77,0.04,6,0.6,0.03,6
Jia et al,530,104,Stohlgren et al.,1999,0.79,0.12,9,0.73,0.06,9
Jia et al,531,104,Stohlgren et al.,1999,0.264,0.052,40,0.395,0.182,40
Jia et al,532,104,Stohlgren et al.,1999,0.297,0.124,40,0.461,0.083,40
Jia et al,533,104,Stohlgren et al.,1999,0.108,0.045,40,0.268,0.114,40
Jia et al,534,104,Stohlgren et al.,1999,0.473,0.018,20,0.406,0.072,20
Jia et al,535,104,Stohlgren et al.,1999,0.185,0.015,20,0.158,0.026,20
Jia et al,536,104,Stohlgren et al.,1999,0.109,0.024,20,0.101,0.017,20
Jia et al,537,104,Stohlgren et al.,1999,0.353,0.091,20,0.291,0.038,20
Jia et al,538,104,Stohlgren et al.,1999,0.143,0.017,20,0.191,0.038,20
Jia et al,539,104,Stohlgren et al.,1999,0.098,0.033,30,0.145,0.012,30
Jia et al,540,104,Stohlgren et al.,1999,0.231,0.031,30,0.232,0.074,30
Jia et al,541,104,Stohlgren et al.,1999,0.108,0.026,30,0.219,0.08,30
Jia et al,542,105,Sun et al.,2004,0.772,0.254,20,0.873,0.277,9
Jia et al,543,106,Suzuki,2013,0.0372,0.005103104,6,0.0186,0.005062279,6
Jia et al,544,106,Suzuki,2013,11.56,0.555217675,6,12.93,0.832826513,6
Jia et al,545,106,Suzuki,2013,2.245,0.026536139,6,2.27,0.089814624,6
Jia et al,546,107,Swamy & Terborgh,2010,0.3023,0.051020408,84,0.2636,0.051020408,84
Jia et al,547,107,Swamy & Terborgh,2010,0.155,0.045918367,74,0.5814,0.058673469,75
Jia et al,548,107,Swamy & Terborgh,2010,0.3488,0.056122449,83,0.3721,0.056122449,77
Jia et al,549,107,Swamy & Terborgh,2010,0.6484,0.068877551,48,0.625,0.066326531,55
Jia et al,550,107,Swamy & Terborgh,2010,0.3281,0.06377551,55,0.4375,0.071428571,52
Jia et al,551,107,Swamy & Terborgh,2010,0.0781,0.066326531,27,0.6797,0.089285714,27
Jia et al,552,107,Swamy & Terborgh,2010,0.1938,0.048469388,36,0.4341,0.06122449,36
Jia et al,553,107,Swamy & Terborgh,2010,0.0698,0.071428571,23,0.3101,0.112244898,18
Jia et al,554,107,Swamy & Terborgh,2010,0.6047,0.076530612,37,0.5426,0.086734694,32
Jia et al,555,107,Swamy & Terborgh,2010,0.0233,0.048469388,39,0.6279,0.076530612,40
Jia et al,556,107,Swamy & Terborgh,2010,0.2636,0.094387755,24,0.3953,0.099489796,24
Jia et al,557,108,Terborgh & Wright,1994,29.3,8.4,8,35.1,7.4,8
Jia et al,558,108,Terborgh & Wright,1994,47.3,11.1,8,35.1,7.4,8
Jia et al,559,108,Terborgh & Wright,1994,29.3,8.4,8,47.3,11.1,8
Jia et al,560,108,Terborgh & Wright,1994,38.3,6.5,8,46.5,5,8
Jia et al,561,108,Terborgh & Wright,1994,43,6.1,8,46.5,5,8
Jia et al,562,108,Terborgh & Wright,1994,38.3,6.5,8,43,6.1,8
Jia et al,563,109,Theimer et al.,2011,54.4118,55.8822,14,142.647,83.088,14
Jia et al,564,109,Theimer et al.,2011,85,10,7,161.667,11.666,7
Jia et al,565,109,Theimer et al.,2011,21.5385,1.3846,7,23.8462,1.2307,7
Jia et al,566,109,Theimer et al.,2011,2.32979,0.15957,7,2.26596,0.14362,7
Jia et al,567,109,Theimer et al.,2011,0.762557,0.050228,7,0.721461,0.045662,7
Jia et al,568,109,Theimer et al.,2011,0.6523,0.0336,14,0.7002,0.0264,14
Jia et al,569,110,V?re et al.,1996,14,4,4,38,12,4
Jia et al,570,111,Vargas & Stevenson,2013,18.53,0.79,30,17.01,1.07,30
Jia et al,571,111,Vargas & Stevenson,2013,32.34,1.51,30,27.45,1.63,30
Jia et al,572,112,Veblen & Young,2010,0.1583,0.0935,9,0.1367,0.0504,9
Jia et al,573,112,Veblen & Young,2010,0.7929,0.0428,9,0.9571,0.0286,9
Jia et al,574,113,Vitt et al.,2009,4.262589928,0.701438849,5,18.18345324,1.510791367,5
Jia et al,575,114,Waller & Maas ,2013,0.44,0.049888765,100,0.55,0.05,100
Jia et al,576,114,Waller & Maas ,2013,33.2,3.152776554,5,31.6,1.886796226,5
Jia et al,577,114,Waller & Maas ,2013,2.652,0.061514226,5,2.662,0.083988094,5
Jia et al,578,115,Wardle et al.,2011,7.81,1.57,16,20.94,4.06,16
Jia et al,579,115,Wardle et al.,2011,130,16.67,16,98.33,13.34,16
Jia et al,580,115,Wardle et al.,2011,0.66,0.29,16,2.64,0.54,16
Jia et al,581,115,Wardle et al.,2011,39.59,9.89,16,33.4,8.04,16
Jia et al,582,115,Wardle et al.,2011,0,0.06,16,1.5,0.44,16
Jia et al,583,115,Wardle et al.,2011,6.96,5.1,16,3.56,2.63,16
Jia et al,584,115,Wardle et al.,2011,0.17,0.1,16,0.88,0.37,16
Jia et al,585,115,Wardle et al.,2011,5.16,2.18,16,6.41,4.22,16
Jia et al,586,116,Webb & Peart,1999,0.7456,0.0227,18,0.738,0.0227,18
Jia et al,587,116,Webb & Peart,1999,0.3923,0.0682,18,0.6422,0.0681,18
Jia et al,588,117,Webster et al.,2005,5.57,0.47,5,5.57,0.59,5
Jia et al,589,117,Webster et al.,2005,1.78,0.71,5,1.42,0.59,5
Jia et al,590,117,Webster et al.,2005,2.37,0.24,5,2.96,0.35,5
Jia et al,591,117,Webster et al.,2005,0.52739726,0.095890411,5,0.445205479,0.075342466,5
Jia et al,592,117,Webster et al.,2005,0.178082192,0.116438356,5,0.294520548,0.178082192,5
Jia et al,593,117,Webster et al.,2005,0.253424658,0.061643836,5,0.48630137,0.136986301,5
Jia et al,594,117,Webster et al.,2005,0.88,0.16,5,0.76,0.16,5
Jia et al,595,117,Webster et al.,2005,0.22,0.18,5,0.25,0.15,5
Jia et al,596,117,Webster et al.,2005,0.22,0.07,5,0.45,0.09,5
Jia et al,597,117,Webster et al.,2005,4.4,4.4,5,1,1,5
Jia et al,598,117,Webster et al.,2005,832,481,5,2935,1246,5
Jia et al,599,117,Webster et al.,2005,80.4,79.9,5,9.8,9.3,5
Jia et al,600,117,Webster et al.,2005,9.2,9.2,5,4,4,5
Jia et al,601,117,Webster et al.,2005,8.2,7.2,5,1.4,1.4,5
Jia et al,602,117,Webster et al.,2005,675,617,5,315,109,5
Jia et al,603,117,Webster et al.,2005,70.8,70.8,5,189,145,5
Jia et al,604,117,Webster et al.,2005,3.8,2.3,5,15.6,13.6,5
Jia et al,605,117,Webster et al.,2005,0.2,0.2,5,3.2,3,5
Jia et al,606,117,Webster et al.,2005,0.6,0.4,5,0.8,0.8,5
Jia et al,607,117,Webster et al.,2005,3.8,3.3,5,0.2,0.2,5
Jia et al,608,117,Webster et al.,2005,0.2,0.2,5,1,0.8,5
Jia et al,609,117,Webster et al.,2005,36.4,16.4,5,194,82.4,5
Jia et al,610,117,Webster et al.,2005,41,14.2,5,93,30.4,5
Jia et al,611,117,Webster et al.,2005,9,5.5,5,102,51.9,5
Jia et al,612,117,Webster et al.,2005,23.2,6.4,5,30.6,16.6,5
Jia et al,613,118,White,2012,97.9,19.2,3,104,8.1,3
Jia et al,614,119,Young & Augustine,2007,33.76,31.51,3,150.8,114.8,3
Jia et al,615,119,Young & Augustine,2007,317.36,177.82,3,342.12,132.8,3
Jia et al,616,119,Young & Augustine,2007,319.61,139.55,4,641.68,466.12,4
Jia et al,617,119,Young & Augustine,2007,42.77,33.76,3,414.15,173.31,3
Jia et al,618,120,Young et al.,2005,0.71,0.02,3,0.9,0.06,3
Jia et al,619,120,Young et al.,2005,0.083,0.0258,3,0.1509,0.0035,3
Jia et al,620,121,Zakrisson et al.,2007,1317,462,24,500,188,24
Jia et al,621,122,Zwolak et al.,2016,0.012773723,0.007664234,5,0.058759124,0.015328467,5
Jia et al,622,123,Zwolak et al.,2010,0.0071,0.009,8,0.0464,0.0232,8
Jia et al,623,123,Zwolak et al.,2010,0.0179,0.0178,8,0.1607,0.0536,8
Bowles et al.,1,1,Njeru,2015,41.5,13.74,6,37,10.8,6
Bowles et al.,2,1,Njeru,2015,35,5.78,6,37,10.8,6
Bowles et al.,3,1,Njeru,2015,27.6,7.3,6,37,10.8,6
Bowles et al.,4,1,Njeru,2015,35.6,9.94,6,29.8,6.03,6
Bowles et al.,5,1,Njeru,2015,34.5,10.8,6,29.8,6.03,6
Bowles et al.,6,1,Njeru,2015,31.6,7.42,6,29.8,6.03,6
Bowles et al.,7,3,Njeru,2014,35.1,5.9,3,21.5,3.3,3
Bowles et al.,8,3,Njeru,2014,29.6,6.9,3,21.5,3.3,3
Bowles et al.,9,3,Njeru,2014,20.9,4,3,21.5,3.3,3
Bowles et al.,10,4,Higo,2014,15.5,3.22,3,15.1,1.78,3
Bowles et al.,11,4,Higo,2014,12.9,2.58,3,15.1,1.78,3
Bowles et al.,12,4,Higo,2014,12.7,2.21,3,15.1,1.78,3
Bowles et al.,13,4,Higo,2014,16.3,1.36,3,17.6,0.98,3
Bowles et al.,14,4,Higo,2014,4.7,1.79,3,17.6,0.98,3
Bowles et al.,15,4,Higo,2014,7.6,0.65,3,17.6,0.98,3
Bowles et al.,16,4,Higo,2014,9.4,0.66,3,3.1,1.06,3
Bowles et al.,17,4,Higo,2014,8.7,4.42,3,3.1,1.06,3
Bowles et al.,18,4,Higo,2014,2.9,0.85,3,3.1,1.06,3
Bowles et al.,19,4,Higo,2014,9.1,NA,3,5,NA,3
Bowles et al.,20,4,Higo,2014,7.3,NA,3,5,NA,3
Bowles et al.,21,4,Higo,2014,4,NA,3,5,NA,3
Bowles et al.,22,4,Higo,2014,10.9,0.79,3,5.8,0.58,3
Bowles et al.,23,4,Higo,2014,11.2,2.02,3,5.8,0.58,3
Bowles et al.,24,4,Higo,2014,9.1,0.23,3,5.8,0.58,3
Bowles et al.,25,5,Locke,2013,0.73,NA,4,0.39,NA,4
Bowles et al.,26,5,Locke,2013,0.62,NA,4,0.39,NA,4
Bowles et al.,27,6,Ramos,2012,9.6,2.5,3,2.3,1.4,3
Bowles et al.,28,7,Koide,2012,76.2,8.4,8,75.9,8.4,8
Bowles et al.,29,7,Koide,2012,79.5,10.1,8,79.3,9.4,8
Bowles et al.,30,8,Karasawa,2012,7.5,3.4,3,9.7,3.8,3
Bowles et al.,31,8,Karasawa,2012,49.8,13.4,3,9.7,3.8,3
Bowles et al.,32,8,Karasawa,2012,48.6,9.6,3,9.7,3.8,3
Bowles et al.,33,8,Karasawa,2012,21.2,2.84,3,21.5,4.74,3
Bowles et al.,34,8,Karasawa,2012,47.7,10.11,3,21.5,4.74,3
Bowles et al.,35,8,Karasawa,2012,51,22.43,3,21.5,4.74,3
Bowles et al.,36,9,Kunze,2011,63,NA,8,63,NA,8
Bowles et al.,37,9,Kunze,2011,53,NA,8,63,NA,8
Bowles et al.,38,10,WhiteA,2010,33,1.26,4,32,2.22,4
Bowles et al.,39,10,WhiteA,2010,47,5.69,4,32,2.22,4
Bowles et al.,40,10,WhiteA,2010,32,1.91,4,32,2.22,4
Bowles et al.,41,10,WhiteA,2010,38,6.58,4,37,5.49,4
Bowles et al.,42,10,WhiteA,2010,38,5.65,4,37,5.49,4
Bowles et al.,43,10,WhiteA,2010,37,5.33,4,37,5.49,4
Bowles et al.,44,10,WhiteA,2010,66,7.21,4,61,12.67,4
Bowles et al.,45,10,WhiteA,2010,77,4.25,4,61,12.67,4
Bowles et al.,46,10,WhiteA,2010,62,11.69,4,61,12.67,4
Bowles et al.,47,10,WhiteA,2010,63,6.26,4,59,0.9,4
Bowles et al.,48,10,WhiteA,2010,61,2.73,4,59,0.9,4
Bowles et al.,49,10,WhiteA,2010,61,6.9,4,59,0.9,4
Bowles et al.,50,10,WhiteB,2010,14,3.98,4,15,1.43,4
Bowles et al.,51,10,WhiteB,2010,15,5.39,4,15,1.43,4
Bowles et al.,52,10,WhiteB,2010,55,7.94,4,50,5.03,4
Bowles et al.,53,10,WhiteB,2010,49,4.42,4,50,5.03,4
Bowles et al.,54,10,WhiteB,2010,35,8.83,4,34,9.83,4
Bowles et al.,55,10,WhiteB,2010,50,10.87,4,34,9.83,4
Bowles et al.,56,10,WhiteB,2010,44,4.75,4,46,10.29,4
Bowles et al.,57,10,WhiteB,2010,47,9.29,4,46,10.29,4
Bowles et al.,58,10,WhiteC,2010,18,3.3,4,23,4.36,4
Bowles et al.,59,10,WhiteC,2010,27,3.3,4,23,4.36,4
Bowles et al.,60,10,WhiteC,2010,33,9.57,4,36,12.9,4
Bowles et al.,61,10,WhiteC,2010,34,14.74,4,36,12.9,4
Bowles et al.,62,10,WhiteC,2010,72,4.4,4,70,1.31,4
Bowles et al.,63,10,WhiteC,2010,72,3.09,4,70,1.31,4
Bowles et al.,64,10,WhiteC,2010,66,4.26,4,70,1.31,4
Bowles et al.,65,10,WhiteC,2010,53,6.72,4,54,8,4
Bowles et al.,66,10,WhiteC,2010,57,5.66,4,54,8,4
Bowles et al.,67,10,WhiteC,2010,58,6.72,4,54,8,4
Bowles et al.,68,12,Deguchi,2007,88.4,25.7,3,21.5,5.1,3
Bowles et al.,69,12,Deguchi,2007,79.6,7.2,3,58.5,10.8,3
Bowles et al.,70,13,Deguchi,2005,29.4,19.5,4,16.9,11.3,4
Bowles et al.,71,14,Sorensen,2005,34.8,14.6,4,27.6,10.8,4
Bowles et al.,72,14,Sorensen,2005,81.8,4,4,83.3,3.1,4
Bowles et al.,73,14,Sorensen,2005,50.2,9.3,4,35.7,11.7,4
Bowles et al.,74,14,Sorensen,2005,74,6.6,4,81.5,4.9,4
Bowles et al.,75,15,Kabir,2002,62,6.6,5,37.9,6.6,5
Bowles et al.,76,15,Kabir,2002,66.8,3.8,5,37.9,6.6,5
Bowles et al.,77,15,Kabir,2002,70,6.4,5,37.9,6.6,5
Bowles et al.,78,15,Kabir,2002,62.9,4.3,5,40.7,6.4,5
Bowles et al.,79,15,Kabir,2002,68.9,6.4,5,40.7,6.4,5
Bowles et al.,80,15,Kabir,2002,73.7,4.9,5,40.7,6.4,5
Bowles et al.,81,16,Kabir,2000,60.7,6,5,45.6,17.3,5
Bowles et al.,82,16,Kabir,2000,82,6.4,5,45.6,17.3,5
Bowles et al.,83,17,Boswell,1998,64,12.2,6,47,12.2,6
Bowles et al.,84,18,TurmelA,2011,82,NA,3,82,NA,3
Bowles et al.,85,18,TurmelB,2011,67,NA,3,64,NA,3
Bowles et al.,86,19,Angelini,2012,98.7,NA,4,94.5,NA,4
Bowles et al.,87,19,Angelini,2012,99.5,NA,4,94.5,NA,4
Bowles et al.,88,19,Angelini,2012,95.5,NA,4,94.5,NA,4
Bowles et al.,89,19,Angelini,2012,91.5,NA,4,80.7,NA,4
Bowles et al.,90,19,Angelini,2012,93,NA,4,80.7,NA,4
Bowles et al.,91,19,Angelini,2012,94,NA,4,80.7,NA,4
Bowles et al.,92,3,Alguacil,2011,42,1,3,36,1,3
Bowles et al.,93,4,Anken,2004,6.423,2.919,4,2.919,1.459,4
Bowles et al.,94,4,Anken,2004,2.919,2.919,4,2.919,1.459,4
Bowles et al.,95,4,Anken,2004,12.455,3.353,4,4.311,0.958,4
Bowles et al.,96,4,Anken,2004,7.664,1.676,4,4.311,0.958,4
Bowles et al.,97,4,Anken,2004,29.781,2.919,4,17.81,2.043,4
Bowles et al.,98,4,Anken,2004,18.686,2.335,4,17.81,2.043,4
Bowles et al.,99,4,Anken,2004,30.252,2.874,4,25.149,2.639,4
Bowles et al.,100,4,Anken,2004,26.554,2.874,4,25.149,2.639,4
Bowles et al.,101,4,Anken,2004,18.544,2.3044,4,5.097,1.7977,4
Bowles et al.,102,4,Anken,2004,2.738,2.3044,4,5.097,1.7977,4
Bowles et al.,103,4,Anken,2004,23.354,2.981,4,14.161,2.484,4
Bowles et al.,104,4,Anken,2004,16.397,2.236,4,14.161,2.484,4
Bowles et al.,105,4,Anken,2004,70.333,0.986,4,62.433,3.618,4
Bowles et al.,106,4,Anken,2004,63.418,3.622,4,62.433,3.618,4
Bowles et al.,107,6,Castillo,2006,34.468,2.812,4,17.218,1.031,4
Bowles et al.,108,6,Castillo,2006,57.25,5.062,4,49,4.031,4
Bowles et al.,109,6,Castillo,2006,38.968,2.906,4,26.968,0.843,4
Bowles et al.,110,7,Deguchi,2007,22.446,14.62,3,15.86,4.413,3
Bowles et al.,111,7,Deguchi,2007,59.333,6.333,3,72.333,8.333,3
Bowles et al.,112,8,Duan,2010,24.13,0.434,4,20.869,1.521,4
Bowles et al.,113,8,Duan,2010,9.28,0.215,4,8.417,0.431,4
Bowles et al.,114,8,Duan,2010,10.638,0.851,4,2.978,1.063,4
Bowles et al.,115,8,Duan,2010,21.304,0.869,4,26.521,1.521,4
Bowles et al.,116,8,Duan,2010,18.561,1.079,4,12.302,1.294,4
Bowles et al.,117,8,Duan,2010,7.021,0.425,4,3.1914,1.063,4
Bowles et al.,118,8,Duan,2010,17.513,0.216,4,12.324,0.432,4
Bowles et al.,119,8,Duan,2010,26.666,0.86,4,22.58,1.29,4
Bowles et al.,120,8,Duan,2010,18.085,0.638,4,10.851,0.851,4
Bowles et al.,121,8,Duan,2010,30.27,1.513,4,20.405,1.297,4
Bowles et al.,122,8,Duan,2010,30.107,2.15,4,24.086,1.505,4
Bowles et al.,123,8,Duan,2010,25.319,1.489,4,13.617,1.489,4
Bowles et al.,124,9,Bilalis,2010a,61.93,NA,4,47.89,NA,4
Bowles et al.,125,9,Bilalis,2010a,52.34,NA,4,47.89,NA,4
Bowles et al.,126,9,Bilalis,2010a,62.86,NA,4,43.71,NA,4
Bowles et al.,127,9,Bilalis,2010a,50.67,NA,4,43.71,NA,4
Bowles et al.,128,9,Bilalis,2010a,62.33,NA,4,47.04,NA,4
Bowles et al.,129,9,Bilalis,2010a,55.63,NA,4,47.04,NA,4
Bowles et al.,130,9,Bilalis,2010a,64.37,NA,4,44.45,NA,4
Bowles et al.,131,9,Bilalis,2010a,54.72,NA,4,44.45,NA,4
Bowles et al.,132,10,Bilalis,2012,23,NA,3,16,NA,3
Bowles et al.,133,11,Hu,2015,28.031,4.2515,4,20.157,2.047,4
Bowles et al.,134,11,Hu,2015,17.925,3.622,4,14.488,4.409,4
Bowles et al.,135,11,Hu,2015,20.787,1.5745,4,10.708,4.094,4
Bowles et al.,136,11,Hu,2015,20.472,2.2045,4,14.803,1.732,4
Bowles et al.,137,12,Krauss,2010,45.387,2.285,4,55.51,0.979,4
Bowles et al.,138,12,Krauss,2010,46.367,2.612,4,51.265,1.306,4
Bowles et al.,139,12,Krauss,2010,48.326,1.959,4,64.979,1.959,4
Bowles et al.,140,13,Mozafar,2000,11.219,5.853,4,0,1.463,4
Bowles et al.,141,13,Mozafar,2000,69.268,5.365,4,36.097,13.17,4
Bowles et al.,142,13,Mozafar,2000,0,0,4,0,0,4
Bowles et al.,143,13,Mozafar,2000,15.68,6.857,4,7.762,2.774,4
Bowles et al.,144,14,Gavito,1998,27,2,4,34,2,4
Bowles et al.,145,14,Gavito,1998,47,3,4,48,2,4
Bowles et al.,146,14,Gavito,1998,66,3,4,73,3,4
Bowles et al.,147,14,Gavito,1998,61,3,4,71,3,4
Bowles et al.,148,15,McGonigle,1990,42,NA,4,40,NA,4
Bowles et al.,149,17,Galvez,2001,49.173,2.314,4,49.752,2.314,4
Bowles et al.,150,17,Galvez,2001,42.231,1.735,4,34.132,3.471,4
Bowles et al.,151,17,Galvez,2001,45.123,3.471,4,37.024,2.314,4
Bowles et al.,152,17,Galvez,2001,57.272,2.892,4,49.752,3.471,4
Bowles et al.,153,17,Galvez,2001,50.909,2.892,4,34.132,2.314,4
Bowles et al.,154,17,Galvez,2001,54.38,2.314,4,37.024,2.892,4
Bowles et al.,155,17,Galvez,2001,36.503,3.297,4,41.213,3.061,4
Bowles et al.,156,17,Galvez,2001,29.909,2.59,4,25.434,2.59,4
Bowles et al.,157,17,Galvez,2001,30.615,2.826,4,25.905,2.355,4
Bowles et al.,158,17,Galvez,2001,55.108,3.297,4,41.213,3.532,4
Bowles et al.,159,17,Galvez,2001,45.217,2.59,4,25.434,1.884,4
Bowles et al.,160,17,Galvez,2001,50.634,2.826,4,25.905,3.297,4
Bowles et al.,161,18,Kabir,1997,36.09,3.08,3,27.339,3.729,3
Bowles et al.,162,18,Kabir,1997,76.402,3.082,3,52.568,7.3,3
Bowles et al.,163,18,Kabir,1997,45.522,4.539,3,39.848,6.485,3
Bowles et al.,164,18,Kabir,1997,44.203,6.647,3,27.339,3.729,3
Bowles et al.,165,18,Kabir,1997,76.238,5.514,3,52.568,7.3,3
Bowles et al.,166,18,Kabir,1997,43.585,6.163,3,39.848,6.485,3
Bowles et al.,167,19,McGonigle,1993,59.832,NA,4,43.893,NA,4
Bowles et al.,168,19,McGonigle,1993,55.241,NA,4,43.893,NA,4
Bowles et al.,169,19,McGonigle,1993,7.458,NA,4,7.458,NA,4
Bowles et al.,170,19,McGonigle,1993,13.451,NA,4,7.458,NA,4
Bowles et al.,171,19,McGonigle,1993,30.379,NA,4,44.81,NA,4
Bowles et al.,172,19,McGonigle,1993,27.974,NA,4,44.81,NA,4
Bowles et al.,173,20,Bilalis,2010b,28,NA,4,21,NA,4
Bowles et al.,174,20,Bilalis,2010b,28,NA,4,19,NA,4
Bowles et al.,175,21,McGonigle,1996,66.668,NA,4,60.299,NA,4
Bowles et al.,176,21,McGonigle,1996,26.904,NA,4,28.033,NA,4
Bowles et al.,177,21,McGonigle,1996,71.89,NA,4,65.896,NA,4
Bowles et al.,178,22,Brito,2012b,13,NA,3,4,NA,3
Bowles et al.,179,22,Brito,2012b,18,NA,3,6,NA,3
Bowles et al.,180,22,Brito,2012b,23.739,NA,3,10,NA,3
Bowles et al.,181,23,Hamel,1996,5.4,NA,1,1.7,NA,1
Bowles et al.,182,23,Hamel,1996,6.1,NA,1,1.7,NA,1
Bowles et al.,183,23,Hamel,1996,6.6,NA,1,5.3,NA,1
Bowles et al.,184,23,Hamel,1996,3.9,NA,1,5.3,NA,1
Bowles et al.,185,23,Hamel,1996,1.9,NA,1,2.6,NA,1
Bowles et al.,186,23,Hamel,1996,1.8,NA,1,2.6,NA,1
Bowles et al.,187,24,Hulugalle,2004,36,NA,4,29,NA,4
Bowles et al.,188,25,Locke,2013,57,NA,4,59,NA,4
Bowles et al.,189,26,McGonigle,1999,40.467,NA,6,27.81,NA,6
Bowles et al.,190,26,McGonigle,1999,34.02,NA,6,27.81,NA,6
Bowles et al.,191,26,McGonigle,1999,52.686,NA,6,57.939,NA,6
Bowles et al.,192,26,McGonigle,1999,49.027,NA,6,57.939,NA,6
Bowles et al.,193,26,McGonigle,1999,59.2,NA,6,50.4,NA,6
Bowles et al.,194,26,McGonigle,1999,60.8,NA,6,50.4,NA,6
Bowles et al.,195,26,McGonigle,1999,78.916,NA,6,67.022,NA,6
Bowles et al.,196,26,McGonigle,1999,60.536,NA,6,64.075,NA,6
Bowles et al.,197,26,McGonigle,1999,68.253,NA,6,64.075,NA,6
Bowles et al.,198,27,Sheng,2012,70.7,NA,4,62.3,NA,4
Bowles et al.,199,28,Entry,1996,8.36,NA,4,3.44,NA,4
Bowles et al.,200,28,Entry,1996,10.88,NA,4,2.83,NA,4
Bowles et al.,201,28,Entry,1996,7.33,NA,4,2.75,NA,4
Bowles et al.,202,29,Ryan,2003,44.09,NA,4,29.09,NA,4
Bowles et al.,203,29,Ryan,2003,25.416,NA,4,17.363,NA,4
Bowles et al.,204,30,Vivekanandan,1991,26,NA,4,18,NA,4
Bowles et al.,205,30,Vivekanandan,1991,51,NA,4,40,NA,4
Bowles et al.,206,30,Vivekanandan,1991,26,NA,4,22,NA,4
Bowles et al.,207,30,Vivekanandan,1991,30,NA,4,29,NA,4
Bowles et al.,208,30,Vivekanandan,1991,42,NA,4,31,NA,4
Bowles et al.,209,31,Gavito,1998b,67.398,3.198,4,62.278,2.346,4
Bowles et al.,210,32,Nakamoto,2001,19.6,NA,1,13.2,NA,1
Bowles et al.,211,4,Castillo,2006,13.118,1.732,4,12.128,1.98,4
Bowles et al.,212,4,Castillo,2006,20.173,1.98,4,17.202,3.96,4
Bowles et al.,213,4,Castillo,2006,15.099,1.98,4,14.108,1.98,4
Bowles et al.,214,4,Castillo,2006,2.307,0.276,4,2.092,0.43,4
Bowles et al.,215,4,Castillo,2006,2.584,0.276,4,2.523,0.276,4
Bowles et al.,216,4,Castillo,2006,2.169,0.276,4,2.23,0.152,4
Bowles et al.,217,5,Douds,1995,39.3,NA,7,31.7,NA,7
Bowles et al.,218,5,Douds,1995,66.4,NA,7,31.7,NA,7
Bowles et al.,219,5,Douds,1995,30.2,NA,7,30.9,NA,7
Bowles et al.,220,5,Douds,1995,39.7,NA,7,30.9,NA,7
Bowles et al.,221,6,Galvez,2001,45.5,NA,4,34.1,NA,4
Bowles et al.,222,6,Galvez,2001,69.6,NA,4,34.1,NA,4
Bowles et al.,223,6,Galvez,2001,71.8,NA,4,67.1,NA,4
Bowles et al.,224,6,Galvez,2001,187.1,NA,4,67.1,NA,4
Bowles et al.,225,7,Hu,2015a,421,312,4,356,516,4
Bowles et al.,226,7,Hu,2015a,566,174,4,563,130,4
Bowles et al.,227,7,Hu,2015a,13.662,4.068,4,15.261,1.744,4
Bowles et al.,228,7,Hu,2015a,18.168,8.72,4,14.825,4.94,4
Bowles et al.,229,7,Hu,2015a,2.309,0.408,4,2.207,0.286,4
Bowles et al.,230,7,Hu,2015a,2.472,0.53,4,2.105,0.366,4
Bowles et al.,231,7,Hu,2015a,0.819,0.054,4,0.833,0.04,4
Bowles et al.,232,7,Hu,2015a,0.888,0.068,4,0.868,0.082,4
Bowles et al.,233,8,Hu,2015b,18.3,4.4,4,17.8,3.8,4
Bowles et al.,234,8,Hu,2015b,2.55,0.2,4,2.53,0.36,4
Bowles et al.,235,8,Hu,2015b,0.903,0.038,4,0.905,0.05,4
Bowles et al.,236,9,Jansa,2002,34.814,6.666,4,21.111,8.888,4
Bowles et al.,237,9,Jansa,2002,40.857,11.318,4,37.13,12.45,4
Bowles et al.,238,9,Jansa,2002,51.942,12.45,4,37.13,12.45,4
Bowles et al.,239,10,Jansa,2003,13,NA,4,12,NA,4
Bowles et al.,240,10,Jansa,2003,17,NA,4,12,NA,4
Bowles et al.,241,12,Miras-Avalos,2011,1.47,NA,2,1.63,NA,2
Bowles et al.,242,12,Miras-Avalos,2011,2.72,NA,2,3.8,NA,2
Bowles et al.,243,13,Sale,2015,45.667,6.464,4,29.379,3.016,4
Bowles et al.,244,13,Sale,2015,19.857,1.536,4,16.413,1.754,4
Bowles et al.,245,14,Schalamuk,2006,2.258,0.70840878,3,2.634,0.5352037,3
Bowles et al.,246,14,Schalamuk,2006,2.501,0.919718979,3,2.424,0.746513898,3
Bowles et al.,247,16,Sheng,2013,32.609,25.328,4,20.605,13.738,4
Bowles et al.,248,17,Wetzel,2014,21,NA,1,16.3,NA,1
Bowles et al.,249,17,Wetzel,2014,28,NA,1,16,NA,1
Bowles et al.,250,17,Wetzel,2014,16,NA,1,16,NA,1
Bowles et al.,251,17,Wetzel,2014,19,NA,1,30,NA,1
Bowles et al.,252,17,Wetzel,2014,1.4,NA,1,1.47,NA,1
Bowles et al.,253,17,Wetzel,2014,0.93,NA,1,1.3,NA,1
Bowles et al.,254,17,Wetzel,2014,1.3,NA,1,1.4,NA,1
Bowles et al.,255,18,Yang,2012,2595,532,4,2109,738,4
Bowles et al.,256,18,Yang,2012,15.5,2.24,4,11.8,3.78,4
Bowles et al.,257,18,Yang,2012,2.27,0.08,4,1.86,0.22,4
Bowles et al.,258,18,Yang,2012,0.85,0.02,4,0.75,0.06,4
