,,,,,,,,,,,,,,,Root biomass (all)(g/m2),,,,,,fine root biomass(diameter<2 mm)(g/m2),,,,,,coarse root(diameter(2-10)) biomass(g/m2),,,,,,root respiration(umol CO2 m-2 s-1),,,,,,fine root nitrogen (%),,,,,, root carbon (g/m2),,,,,,root:shoot ratio,,,,,,fine root length(m m? 2),,,,,,specific  root length (m/g),,,,,,fine root C:N ratio,,,,,,fine root production (g m-2 y-1),,,,,,fine root turnover rate (y-1),,,,,,fine root diameter (mm),,,,,,fungal colonization (%),,,,,,fine root density (g/cm3),,,,,,,,,,,,,,,,,,,,,,,,,,,,,,,,,,,,,,,,,,,,,,,,,,,,,,,,,,,,,,,,,,,,,,,,,,,,,,,,,,,,,,,,,,,,,,,,,,,,,,,,,,,,,,,,,,,,,,,,,,,,,,,,,,,,,,,,,,,,,,,
ID,reference,location,ecosystem/vegetation type,Age (years),Climate,Soil type,P (mm/yr),Ta (?),Ambient N deposition (kg N ha-1 y-1) ,N addition (kg N ha-1 y-1),Fertilizer type,Treatment date,Duration (years),Soil depth (cm),treatment mean,control mean,treatment SD3,control SD4,treatment n5,control n6,treatment mean,control mean,treatment SD4,control SD5,treatment n6,control n7,treatment mean3 Protein,control mean4,treatment SD5,control SD6,treatment n7,control n8,treatment mean4 carbohydrates,control mean5,treatment SD6,control SD7,treatment n8,control n9,treatment mean6 Hemicellulose,control mean7,treatment SD8,control SD9,treatment n10,control n11,treatment mean11,control mean12,treatment SD13,control SD14,treatment n15,control n16,treatment mean12,control mean13,treatment SD14,control SD15,treatment n16,control n17,treatment mean13,control mean14,treatment SD15,control SD16,treatment n17,control n18,treatment mean13,control mean14,treatment SD15,control SD16,treatment n17,control n18,treatment mean13,control mean14,treatment SD15,control SD16,treatment n17,control n18,treatment mean13,control mean14,treatment SD15,control SD16,treatment n17,control n18,treatment mean13,control mean14,treatment SD15,control SD16,treatment n17,control n18,treatment mean13,control mean14,treatment SD15,control SD16,treatment n17,control n18,treatment mean13,control mean14,treatment SD15,control SD16,treatment n17,control n18,treatment mean13,control mean14,treatment SD15,control SD16,treatment n17,control n18,Column2984,Column2985,Column2986,Column2987,Column2988,Column2989,Column2990,Column2991,Column2992,Column2993,Column2994,Column2995,Column2996,Column2997,Column2998,Column2999,Column3000,Column3001,Column3002,Column3003,Column3004,Column3005,Column3006,Column3007,Column3008,Column3009,Column3010,Column3011,Column3012,Column3013,Column3014,Column3015,Column3016,Column3017,Column3018,Column3019,Column3020,Column3021,Column3022,Column3023,Column3024,Column3025,Column3026,Column3027,Column3028,Column3029,Column3030,Column3031,Column3032,Column3033,Column3034,Column3035,Column3036,Column3037,Column3038,Column3039,Column3040,Column3041,Column3042,Column3043,Column3044,Column3045,Column3046,Column3047,Column3048,Column3049,Column3050,Column3051,Column3052,Column3053,Column3054,Column3055,Column3056,Column3057,Column3058,Column3059,Column3060,Column3061,Column3062,Column3063,Column3064,Column3065,Column3066,Column3067,Column3068,Column3069,Column3070,Column3071,Column3072,Column3073,Column3074,Column3075,Column3076,Column3077,Column3078,Column3079,Column3080,Column3081,Column3082,Column3083,Column3084,Column3085,Column3086,Column3087,Column3088,Column3089,Column3090,Column3091,Column3092,Column3093,Column3094,Column3095,Column3096,Column3097,Column3098,Column3099,Column3100,Column3101,Column3102,Column3103,Column3104,Column3105,Column3106,Column3107,Column3108,Column3109,Column3110,Column3111,Column3112,Column3113,Column3114,Column3115,Column3116,Column3117,Column3118,Column3119,Column3120,Column3121
1,"Adamek et al, 2011","western Panamanian province of Chiriqu? (8ø45'N,82ø15'W)",mature montane rain forst,mature,tropical climate,Aluandic Andosol or Alic Hapludand,5545,20.0 ,,125,urea,February.2006-August.2007,1.5,organic layer,,,,,,,165 ,135 ,84 ,18 ,4,4,,,,,,,,,,,,,,,,,,,,,,,,,,,,,,,,,,,,,,,,,,,,,,,,,,,,,,,,,,,,,,,,,,,,,,,,,,,,,,,,,,,,,,,,,,,,,,,,,,,,,,,,,,,,,,,,,,,,,,,,,,,,,,,,,,,,,,,,,,,,,,,,,,,,,,,,,,,,,,,,,,,,,,,,,,,,,,,,,,,,,,,,,,,,,,,,,,,,,,,,,,,,,,,,,,,,,,,,
,,,,,,,,,,,,,,0-10,,,,,,,217 ,236 ,78 ,36 ,4,4,,,,,,,,,,,,,,,,,,,,,,,,,,,,,,,,,,,,,,,,,,,,,,,,,274,256,82,50,4,4,,,,,,,,,,,,,,,,,,,,,,,,,,,,,,,,,,,,,,,,,,,,,,,,,,,,,,,,,,,,,,,,,,,,,,,,,,,,,,,,,,,,,,,,,,,,,,,,,,,,,,,,,,,,,,,,,,,,,,,,,,,,,,,,,,,,,,,,,,,,,,,,,,,,,,,,,,,,,,,,,,
,,,,,,,,,,,,,,10-20,,,,,,,92 ,87 ,30 ,14 ,4,4,,,,,,,,,,,,,,,,,,,,,,,,,,,,,,,,,,,,,,,,,,,,,,,,,148,121,24,24,4,4,,,,,,,,,,,,,,,,,,,,,,,,,,,,,,,,,,,,,,,,,,,,,,,,,,,,,,,,,,,,,,,,,,,,,,,,,,,,,,,,,,,,,,,,,,,,,,,,,,,,,,,,,,,,,,,,,,,,,,,,,,,,,,,,,,,,,,,,,,,,,,,,,,,,,,,,,,,,,,,,,,
2,"Allard et al,2006","New Zealand(40ø20?S, 175ø30' E)",Grassland,,temperate climate,,,,5,100,NH4NO3,,1,,,,,,,,,,,,,,,,,,,,,,,,,,0.814 ,0.537 ,0.112 ,0.112 ,6 ,6 ,,,,,,,,,,,,,,,,,,,,,,,,,,,,,,,,,,,,,,,,,,,,,,,,,,,,,,,,,,,,,,,,,,,,,,,,,,,,,,,,,,,,,,,,,,,,,,,,,,,,,,,,,,,,,,,,,,,,,,,,,,,,,,,,,,,,,,,,,,,,,,,,,,,,,,,,,,,,,,,,,,,,,,,,,,,,,,,,,,,,,,,,,,,,,,,,,,,,,,
3,"Bardgett et al,1999","Abergwyngregyn, North Wales(53ø13?N, 4ø01' W)",Grassland L. perenne,,temperate climate,,,,0,100,NH4NO3,,0.5,,2.02017 (g),2.80402  (g),0.975 ,1.988 ,6,6,,,,,,,,,,,,,,,,,,,,,,,,,,,,,,,,,,,,,,,,,,,,,,,,,,,,,,,,,,,,,,,,,,,,,,,,,,,,,,,,,,,,,,,,,,,,,,,,,,,,,,,,,,,,,,,,,,,,,,,,,,,,,,,,,,,,,,,,,,,,,,,,,,,,,,,,,,,,,,,,,,,,,,,,,,,,,,,,,,,,,,,,,,,,,,,,,,,,,,,,,,,,,,,,,,,,,,,,,,,,,,
,,,A. capillaris,,,,,,,,,,0.5,,2.902 ,3.214 ,1.228 ,1.192 ,6,6,,,,,,,,,,,,,,,,,,,,,,,,,,,,,,,,,,,,,,,,,,,,,,,,,,,,,,,,,,,,,,,,,,,,,,,,,,,,,,,,,,,,,,,,,,,,,,,,,,,,,,,,,,,,,,,,,,,,,,,,,,,,,,,,,,,,,,,,,,,,,,,,,,,,,,,,,,,,,,,,,,,,,,,,,,,,,,,,,,,,,,,,,,,,,,,,,,,,,,,,,,,,,,,,,,,,,,,,,,,,,,
,,,H. lanatus,,,,,,,,,,0.5,,1.422 ,2.014 ,0.722 ,1.445 ,6,6,,,,,,,,,,,,,,,,,,,,,,,,,,,,,,,,,,,,,,,,,,,,,,,,,,,,,,,,,,,,,,,,,,,,,,,,,,,,,,,,,,,,,,,,,,,,,,,,,,,,,,,,,,,,,,,,,,,,,,,,,,,,,,,,,,,,,,,,,,,,,,,,,,,,,,,,,,,,,,,,,,,,,,,,,,,,,,,,,,,,,,,,,,,,,,,,,,,,,,,,,,,,,,,,,,,,,,,,,,,,,,
,,,F. rubra,,,,,,,,,,0.5,,0.814 ,1.111 ,0.469 ,0.506 ,6,6,,,,,,,,,,,,,,,,,,,,,,,,,,,,,,,,,,,,,,,,,,,,,,,,,,,,,,,,,,,,,,,,,,,,,,,,,,,,,,,,,,,,,,,,,,,,,,,,,,,,,,,,,,,,,,,,,,,,,,,,,,,,,,,,,,,,,,,,,,,,,,,,,,,,,,,,,,,,,,,,,,,,,,,,,,,,,,,,,,,,,,,,,,,,,,,,,,,,,,,,,,,,,,,,,,,,,,,,,,,,,,
4,"Bradford et al, 2008","Duke Forest Teaching and Research Laboratory,North Carolina, USA (35ø97'N, 79ø08'W)",forest,,subtropical climate,"low-fertility, sandy loam of the White Store series",1100,14.6 ,,10,(NH4)2SO4,,1,,12.500 ,19.400 ,6.668 ,3.118 ,3,3,,,,,,,,,,,,,,,,,,,,,,,,,,,,,,,,,,,,,,,,,,,,,,,,,,,,,,,,,,,,,,,,,,,,,,,,,,,,,,,,,,,,,,,,,,,,,,,,,,,,,,,,,,,,,,,,,,,,,,,,,,,,,,,,,,,,,,,,,,,,,,,,,,,,,,,,,,,,,,,,,,,,,,,,,,,,,,,,,,,,,,,,,,,,,,,,,,,,,,,,,,,,,,,,,,,,,,,,,,,,,,
,,,,,,,,,,30,,,1,,4.600 ,19.400 ,1.490 ,3.118 ,3,3,,,,,,,,,,,,,,,,,,,,,,,,,,,,,,,,,,,,,,,,,,,,,,,,,,,,,,,,,,,,,,,,,,,,,,,,,,,,,,,,,,,,,,,,,,,,,,,,,,,,,,,,,,,,,,,,,,,,,,,,,,,,,,,,,,,,,,,,,,,,,,,,,,,,,,,,,,,,,,,,,,,,,,,,,,,,,,,,,,,,,,,,,,,,,,,,,,,,,,,,,,,,,,,,,,,,,,,,,,,,,,
,,,,,,,,,,60,,,1,,22.000 ,19.400 ,11.172 ,3.118 ,3,3,,,,,,,,,,,,,,,,,,,,,,,,,,,,,,,,,,,,,,,,,,,,,,,,,,,,,,,,,,,,,,,,,,,,,,,,,,,,,,,,,,,,,,,,,,,,,,,,,,,,,,,,,,,,,,,,,,,,,,,,,,,,,,,,,,,,,,,,,,,,,,,,,,,,,,,,,,,,,,,,,,,,,,,,,,,,,,,,,,,,,,,,,,,,,,,,,,,,,,,,,,,,,,,,,,,,,,,,,,,,,,
,,,,,,,,,,100,,,1,,19.400 ,19.400 ,2.286 ,3.118 ,3,3,,,,,,,,,,,,,,,,,,,,,,,,,,,,,,,,,,,,,,,,,,,,,,,,,,,,,,,,,,,,,,,,,,,,,,,,,,,,,,,,,,,,,,,,,,,,,,,,,,,,,,,,,,,,,,,,,,,,,,,,,,,,,,,,,,,,,,,,,,,,,,,,,,,,,,,,,,,,,,,,,,,,,,,,,,,,,,,,,,,,,,,,,,,,,,,,,,,,,,,,,,,,,,,,,,,,,,,,,,,,,,
5,"Brenner et al, 2005","Tanana River in interior Ala ska(64ø45?N, 148ø18'W)",forest Balsam poplar sites,>100,boreal climate,,269,-3.7 ,,100,NH4NO3,June.1998-June.2003,5,,,,,,,,,,,,,,,,,,,,,,,,,,1.907 ,1.681 ,0.169 ,0.113 ,3,3,41.413 (%),41.087 (%),2.542 ,3.389 ,3,3,,,,,,,,,,,,,,,,,,,21.81,24.56,1.143 ,3.360 ,3,3,,,,,,,,,,,,,,,,,,,,,,,,,,,,,,,,,,,,,,,,,,,,,,,,,,,,,,,,,,,,,,,,,,,,,,,,,,,,,,,,,,,,,,,,,,,,,,,,,,,,,,,,,,,,,,,,,,,,,,,,,,,,,,,,,,,,,,,,,,,,,,,,,,,,,,,,,,,,,,,,,,,,,,,,
,,,forest White spruce sites,>200,,,,,,,,,,,,,,,,,,,,,,,,,,,,,,,,,,,1.503 ,1.423 ,0.183 ,0.141 ,3,3,39.4565,41.087,1.977 ,1.129 ,3,3,,,,,,,,,,,,,,,,,,,26.58,29.13,2.009 ,2.754 ,3,3,,,,,,,,,,,,,,,,,,,,,,,,,,,,,,,,,,,,,,,,,,,,,,,,,,,,,,,,,,,,,,,,,,,,,,,,,,,,,,,,,,,,,,,,,,,,,,,,,,,,,,,,,,,,,,,,,,,,,,,,,,,,,,,,,,,,,,,,,,,,,,,,,,,,,,,,,,,,,,,,,,,,,,,,
6,"Burton et al, 2004","Michigan(46ø52'N,88ø53'W)",hardwood forest,94,temperate climate,Spodosol,821,4.8 ,,30,NaNO3,1994-2001,7,,961.306 ,1104.660 ,89.831 ,134.892 ,3,3,,,,,,,,,,,,,5.18808 nmolCO2 g-1s-1,5.31207,0.883778925,0.663306177,3,3,,,,,,,,,,,,,,,,,,,,,,,,,,,,,,,,,,,,,,,,,,,,,,,,,,,,,,,,,,,,,,,,,,,,,,,,,,,,,,,,,,,,,,,,,,,,,,,,,,,,,,,,,,,,,,,,,,,,,,,,,,,,,,,,,,,,,,,,,,,,,,,,,,,,,,,,,,,,,,,,,,,,,,,,,,,,,,,,,,,,,,,,,,,,,,,,,,,,,,,,,,,,
,,"Michigan(45ø33'N,84ø51'W)",hardwood forest,88,,Spodosol,828,6.1 ,,30,NaNO3,1994-2001,7,,864.836 ,800.249 ,37.352 ,37.314 ,3,3,,,,,,,,,,,,,7.10406 nmolCO2 g-1s-1,7.67371,1.04759629,1.214011732,3,3,,,,,,,,,,,,,,,,,,,,,,,,,,,,,,,,,,,,,,,,,,,,,,,,,,,,,,,,,,,,,,,,,,,,,,,,,,,,,,,,,,,,,,,,,,,,,,,,,,,,,,,,,,,,,,,,,,,,,,,,,,,,,,,,,,,,,,,,,,,,,,,,,,,,,,,,,,,,,,,,,,,,,,,,,,,,,,,,,,,,,,,,,,,,,,,,,,,,,,,,,,,,
,,"Michigan(44ø23'N,85ø50'W)",hardwood forest,89,,Spodosol,856,6.9 ,,30,NaNO3,1994-2001,7,,837.595 ,742.726 ,82.482 ,89.838 ,3,3,,,,,,,,,,,,,5.64906 nmolCO2 g-1s-1,5.77364,0.717623291,0.717484727,3,3,,,,,,,,,,,,,,,,,,,,,,,,,,,,,,,,,,,,,,,,,,,,,,,,,,,,,,,,,,,,,,,,,,,,,,,,,,,,,,,,,,,,,,,,,,,,,,,,,,,,,,,,,,,,,,,,,,,,,,,,,,,,,,,,,,,,,,,,,,,,,,,,,,,,,,,,,,,,,,,,,,,,,,,,,,,,,,,,,,,,,,,,,,,,,,,,,,,,,,,,,,,,
,,"Michigan(43ø40'N,86ø09'W)",hardwood forest,93,,Spodosol,793,7.6 ,,30,NaNO3,1994-2001,7,,996.753 ,988.430 ,134.852 ,112.462 ,3,3,,,,,,,,,,,,,4.63936 nmolCO2 g-1s-1,4.54155,0.4970293,0.551987272,3,3,,,,,,,,,,,,,,,,,,,,,,,,,,,,,,,,,,,,,,,,,,,,,,,,,,,,,,,,,,,,,,,,,,,,,,,,,,,,,,,,,,,,,,,,,,,,,,,,,,,,,,,,,,,,,,,,,,,,,,,,,,,,,,,,,,,,,,,,,,,,,,,,,,,,,,,,,,,,,,,,,,,,,,,,,,,,,,,,,,,,,,,,,,,,,,,,,,,,,,,,,,,,
7,"Burton et al, 2012"," Michigan, USA (46ø52'N, 88ø53'W)",hardwood forests,100,temperate climate,sandy Spodosol soils,874,6.2 ,9.85,11,NaNO3,1994-Aug. 2009,10.8,0-10,,,,,,,361.111 ,356.482 ,112.263 ,61.593 ,12,12,231.481 ,118.056 ,176.413 ,96.222 ,12,12,1.9420307,1.835749,0.713150298,0.722513611,12,12,3.700 ,3.261 ,0.416 ,0.364 ,12,12,,,,,,,,,,,,,,,,,,,,,,,,,,,,,,,,,,,,,,,,,,,,,,,,,,,,,,,,,,,,,,,,,,,,,,,,,,,,,,,,,,,,,,,,,,,,,,,,,,,,,,,,,,,,,,,,,,,,,,,,,,,,,,,,,,,,,,,,,,,,,,,,,,,,,,,,,,,,,,,,,,,,,,,,,,,,,,,,,,,,,,,,,,,,,,,,,,,,,,
,,,,,,,,,,,,,,10-30,,,,,,,236.111 ,226.852 ,51.347 ,70.366 ,12,12,386.574,333.333,208.487 ,208.490 ,12,12,0.5797106,0.4830919,0.315749638,0.245950689,12,12,3.102 ,2.496 ,0.304 ,0.272 ,12,12,,,,,,,,,,,,,,,,,,,,,,,,,,,,,,,,,,,,,,,,,,,,,,,,,,,,,,,,,,,,,,,,,,,,,,,,,,,,,,,,,,,,,,,,,,,,,,,,,,,,,,,,,,,,,,,,,,,,,,,,,,,,,,,,,,,,,,,,,,,,,,,,,,,,,,,,,,,,,,,,,,,,,,,,,,,,,,,,,,,,,,,,,,,,,,,,,,,,,,
,,,,,,,,,,,,,,30-50,,,,,,,129.630 ,125.000 ,36.747 ,46.064 ,12,12,206.019,240.741,160.374 ,264.619 ,12,12,,,,,,,2.878 ,2.240 ,0.262 ,0.287 ,12,12,,,,,,,,,,,,,,,,,,,,,,,,,,,,,,,,,,,,,,,,,,,,,,,,,,,,,,,,,,,,,,,,,,,,,,,,,,,,,,,,,,,,,,,,,,,,,,,,,,,,,,,,,,,,,,,,,,,,,,,,,,,,,,,,,,,,,,,,,,,,,,,,,,,,,,,,,,,,,,,,,,,,,,,,,,,,,,,,,,,,,,,,,,,,,,,,,,,,,,
8,"Cheng et al, 2009","Manhattan, Kansas, USA (39ø05?N, 96ø35?W)",grassland,,subtropical climate,,,,2-12,88,ÿ(NH4)2SO4,ÿFe 2000-June 2000,0.33,,240.625 ,165.625 ,37.889 ,21.804 ,3,3,,,,,,,,,,,,,,,,,,,1.677 ,0.981 ,0.179 ,0.268 ,3 ,3 ,,,,,,,,,,,,,,,,,,,,,,,,,,,,,,,,,,,,,,,,,,,,,,,,,,,,,,,,,,,,,,,,,,,,,,,,,,,,,,,,,,,,,,,,,,,,,,,,,,,,,,,,,,,,,,,,,,,,,,,,,,,,,,,,,,,,,,,,,,,,,,,,,,,,,,,,,,,,,,,,,,,,,,,,,,,,,,,,,,,,,,,,,,,,,,,,,,,,,,
9,"Cleveland and Townsend,2006"," Costa Rica(8.72N, 83.62W)",tropical rain forest,,tropical climate,,5000,,,150,NH4NO3,2001-2004,3,,,,,,,,301.724 ,199.138 ,93.535 ,66.379 ,3,3,,,,,,,,,,,,,,,,,,,,,,,,,,,,,,,,,,,,,,,,,,,,,,,,,,,,,,,,,,,,,,,,,,,,,,,,,,,,,,,,,,,,,,,,,,,,,,,,,,,,,,,,,,,,,,,,,,,,,,,,,,,,,,,,,,,,,,,,,,,,,,,,,,,,,,,,,,,,,,,,,,,,,,,,,,,,,,,,,,,,,,,,,,,,,,,,,,,,,,,,,,,,,,,,,,,,,,,,
10,"Cusack et al,2011","northeastern puerto(lat.+18.3ø,long.-65.8ø) lower elevations(260 masl)", tropical forest,,tropical climate, Ultisols,3500,23.0 ,3.6,50,NH4NO3,Jan.2002-2007,4.8,,,,,,,,370.000 ,590.000 ,121.244 ,86.603 ,3,3,,,,,,,,,,,,,1.468 ,1.106 ,0.058 ,0.029 ,3,3,164,263,1.732 ,3.464 ,3,3,,,,,,,,,,,,,,,,,,,,,,,,,,,,,,,,,,,,,,,,,,,,,,,,,,,,,,,,,,,,,,,,,,,,,,,,,,,,,,,,,,,,,,,,,,,,,,,,,,,,,,,,,,,,,,,,,,,,,,,,,,,,,,,,,,,,,,,,,,,,,,,,,,,,,,,,,,,,,,,,,,,,,,,,,,,,,,,,,,,,,,,,,,,,,,,,
,,"northeastern puerto(lat.+18.3ø,long.-65.8ø) lower elevations(640 masl)", tropical forest,,, Ultisols,4300,21.0 ,3.60 ,50,NH4NO3,Jan.2002-2007,4.8,,,,,,,,570.000 ,940.000 ,103.923 ,138.564 ,3,3,,,,,,,,,,,,,1.343 ,1.231 ,0.018 ,0.024 ,3,3,268,478,0.693 ,0.173 ,3,3,,,,,,,,,,,,,,,,,,,,,,,,,,,,,,,,,,,,,,,,,,,,,,,,,,,,,,,,,,,,,,,,,,,,,,,,,,,,,,,,,,,,,,,,,,,,,,,,,,,,,,,,,,,,,,,,,,,,,,,,,,,,,,,,,,,,,,,,,,,,,,,,,,,,,,,,,,,,,,,,,,,,,,,,,,,,,,,,,,,,,,,,,,,,,,,,
11,"Deng et al,2010","Guangzhou, China (23ø20'N, 113ø30'E)",broad-leaved forest,1-2,tropical climate,,1750,21.5 ,,100,NH4NO3,April.2005-January 2008,2.75,,1158.910 ,898.501 ,68.520 ,59.933 ,2,2,,,,,,,,,,,,,,,,,,,,,,,,,,,,,,,,,,,,,,,,,,,,,,,,,,,,,,,,,,,,,,,,,,,,,,,,,,,,,,,,,,,,,,,,,,,,,,,,,,,,,,,,,,,,,,,,,,,,,,,,,,,,,,,,,,,,,,,,,,,,,,,,,,,,,,,,,,,,,,,,,,,,,,,,,,,,,,,,,,,,,,,,,,,,,,,,,,,,,,,,,,,,,,,,,,,,,,,,,,,,,,
12,"Drake et al, 2008","Orange County, NC,USA (35ø58'N,79ø05'W)",loblolly pine plantation,,subtropical climate,,,,,112,NH4NO3,2005-2006,1,,,,,,,,,,,,,,,,,,,,0.1622541,0.193116,0.038924897,0.038924378,3,3,,,,,,,,,,,,,,,,,,,,,,,,,,,,,,,,,,,,,,,,,,,,,,,,,,,,,,,,,,,,,,,,,,,,,,,,,,,,,,,,,,,,,,,,,,,,,,,,,,,,,,,,,,,,,,,,,,,,,,,,,,,,,,,,,,,,,,,,,,,,,,,,,,,,,,,,,,,,,,,,,,,,,,,,,,,,,,,,,,,,,,,,,,,,,,,,,,,,,,,,,,,,
13,"Gamper et al, 2004","Eschikon (35ø39'N,110ø06'E) north-east of Zurich",Lolium perenne,,subtropical climate,,,,low nigroten-140,560,NH4NO3,,5,,,,,,,,,,,,,,,,,,,,,,,,,,,,,,,,,,,,,,,,,,,,,,,,,,,,,,,,,,,,,,,,,,,,,,,,,,,,,,,,31.8072,60.3614,11.26889576,6.260497644,3,3,,,,,,,,,,,,,,,,,,,,,,,,,,,,,,,,,,,,,,,,,,,,,,,,,,,,,,,,,,,,,,,,,,,,,,,,,,,,,,,,,,,,,,,,,,,,,,,,,,,,,,,,,,,,,,,,,,,,,,,,,,,,,,,,,,,,,,,,,,,,,,,,
,,,Trifolium repens,,,,,,low nigroten-140,560,NH4NO3,,5,,,,,,,,,,,,,,,,,,,,,,,,,,,,,,,,,,,,,,,,,,,,,,,,,,,,,,,,,,,,,,,,,,,,,,,,,,,,,,,,38.3133,40.1205,9.390486658,6.886460806,3,3,,,,,,,,,,,,,,,,,,,,,,,,,,,,,,,,,,,,,,,,,,,,,,,,,,,,,,,,,,,,,,,,,,,,,,,,,,,,,,,,,,,,,,,,,,,,,,,,,,,,,,,,,,,,,,,,,,,,,,,,,,,,,,,,,,,,,,,,,,,,,,,,
14,"Hasselquist et al,2012","northern Sweden (64ø10'N, 19ø45'E)",Scots pine forest,70,boreal climate,podsol,520,1.2 ,<5,20,NH4NO3,July.2006-July.2011,5,,,,,,,,117.78(pine),94.240 ,46.201 ,62.076 ,10,10,,,,,,,,,,,,,,,,,,,,,,,,,,,,,,,,,,,,,,,,,,,,,,,,,,,,,,,,,,,,,,,,,,,,,,,,,,,,,,,,,,,,,,,,,,,,,,,,,,,,,,,,,,,,,,,,,,,,,,,,,,,,,,,,,,,,,,,,,,,,,,,,,,,,,,,,,,,,,,,,,,,,,,,,,,,,,,,,,,,,,,,,,,,,,,,,,,,,,,,,,,,,,,,,,,,,,,,,
,,,,,,,,,,20,NH4NO3,July.2006-July.2011,5,,,,,,,,16.02(Ericaceous),10.830 ,7.495 ,4.079 ,10,10,,,,,,,,,,,,,,,,,,,,,,,,,,,,,,,,,,,,,,,,,,,,,,,,,,,,,,,,,,,,,,,,,,,,,,,,,,,,,,,,,,,,,,,,,,,,,,,,,,,,,,,,,,,,,,,,,,,,,,,,,,,,,,,,,,,,,,,,,,,,,,,,,,,,,,,,,,,,,,,,,,,,,,,,,,,,,,,,,,,,,,,,,,,,,,,,,,,,,,,,,,,,,,,,,,,,,,,,
,,,,,,,,,,100,NH4NO3,July.2006-July.2011,5,,,,,,,,115.23(pine),94.240 ,54.866 ,62.076 ,10,10,,,,,,,,,,,,,,,,,,,,,,,,,,,,,,,,,,,,,,,,,,,,,,,,,,,,,,,,,,,,,,,,,,,,,,,,,,,,,,,,,,,,,,,,,,,,,,,,,,,,,,,,,,,,,,,,,,,,,,,,,,,,,,,,,,,,,,,,,,,,,,,,,,,,,,,,,,,,,,,,,,,,,,,,,,,,,,,,,,,,,,,,,,,,,,,,,,,,,,,,,,,,,,,,,,,,,,,,
,,,,,,,,,,100,NH4NO3,July.2006-July.2011,5,,,,,,,,11.98(Ericaceous),10.830 ,3.731 ,4.079 ,10,10,,,,,,,,,,,,,,,,,,,,,,,,,,,,,,,,,,,,,,,,,,,,,,,,,,,,,,,,,,,,,,,,,,,,,,,,,,,,,,,,,,,,,,,,,,,,,,,,,,,,,,,,,,,,,,,,,,,,,,,,,,,,,,,,,,,,,,,,,,,,,,,,,,,,,,,,,,,,,,,,,,,,,,,,,,,,,,,,,,,,,,,,,,,,,,,,,,,,,,,,,,,,,,,,,,,,,,,,
15,"He et al,2013","the  Inner  Mongolia  Grassland  Ecosystem  Research  Station of Chinese Academy of Science(43ø33'N, 116ø40'E)",steppe ecosystem,,temperate climate,dark  chestnut or loamy sand,345,1.1 ,,56,urea,May.2006-July.2012,6.33,0-10,,,,,,,,,,,,,,,,,,,,,,,,,,,,,,,202,234.4,25.5,45.3,6,6,,,,,,,,,,,,,,,,,,,,,,,,,,,,,,,,,,,,,,,,,,,,,,,,,,,,,,,,,,,,,,,,,,,,,,,,,,,,,,,,,,,,,,,,,,,,,,,,,,,,,,,,,,,,,,,,,,,,,,,,,,,,,,,,,,,,,,,,,,,,,,,,,,,,,,,,,,,,,,,,,,,,,,,,,,,,,,,,,,,,,,,,,,,,,,,,
,,,,,,,,,,,,,,10-30,,,,,,,,,,,,,,,,,,,,,,,,,,,,,,,231.9,228.2,64.5,24.7,6,6,,,,,,,,,,,,,,,,,,,,,,,,,,,,,,,,,,,,,,,,,,,,,,,,,,,,,,,,,,,,,,,,,,,,,,,,,,,,,,,,,,,,,,,,,,,,,,,,,,,,,,,,,,,,,,,,,,,,,,,,,,,,,,,,,,,,,,,,,,,,,,,,,,,,,,,,,,,,,,,,,,,,,,,,,,,,,,,,,,,,,,,,,,,,,,,,
,,,,,,,,,,,,,,30-50,,,,,,,,,,,,,,,,,,,,,,,,,,,,,,,105.8,98.1,20.9,18.7,6,6,,,,,,,,,,,,,,,,,,,,,,,,,,,,,,,,,,,,,,,,,,,,,,,,,,,,,,,,,,,,,,,,,,,,,,,,,,,,,,,,,,,,,,,,,,,,,,,,,,,,,,,,,,,,,,,,,,,,,,,,,,,,,,,,,,,,,,,,,,,,,,,,,,,,,,,,,,,,,,,,,,,,,,,,,,,,,,,,,,,,,,,,,,,,,,,,
,,,,,,,,,,,,,,50-100,,,,,,,,,,,,,,,,,,,,,,,,,,,,,,,100.1,75.1,38.2,24.8,6,6,,,,,,,,,,,,,,,,,,,,,,,,,,,,,,,,,,,,,,,,,,,,,,,,,,,,,,,,,,,,,,,,,,,,,,,,,,,,,,,,,,,,,,,,,,,,,,,,,,,,,,,,,,,,,,,,,,,,,,,,,,,,,,,,,,,,,,,,,,,,,,,,,,,,,,,,,,,,,,,,,,,,,,,,,,,,,,,,,,,,,,,,,,,,,,,,
,,,,,,,,,,112,urea,May.2006-July.2012,6.33,0-10,,,,,,,,,,,,,,,,,,,,,,,,,,,,,,,244.2,234.4,54.5,45.3,6,6,,,,,,,,,,,,,,,,,,,,,,,,,,,,,,,,,,,,,,,,,,,,,,,,,,,,,,,,,,,,,,,,,,,,,,,,,,,,,,,,,,,,,,,,,,,,,,,,,,,,,,,,,,,,,,,,,,,,,,,,,,,,,,,,,,,,,,,,,,,,,,,,,,,,,,,,,,,,,,,,,,,,,,,,,,,,,,,,,,,,,,,,,,,,,,,,
,,,,,,,,,,,,,,10-30,,,,,,,,,,,,,,,,,,,,,,,,,,,,,,,217.1,228.2,27.4,24.7,6,6,,,,,,,,,,,,,,,,,,,,,,,,,,,,,,,,,,,,,,,,,,,,,,,,,,,,,,,,,,,,,,,,,,,,,,,,,,,,,,,,,,,,,,,,,,,,,,,,,,,,,,,,,,,,,,,,,,,,,,,,,,,,,,,,,,,,,,,,,,,,,,,,,,,,,,,,,,,,,,,,,,,,,,,,,,,,,,,,,,,,,,,,,,,,,,,,
,,,,,,,,,,,,,,30-50,,,,,,,,,,,,,,,,,,,,,,,,,,,,,,,118.4,98.1,44.4,18.7,6,6,,,,,,,,,,,,,,,,,,,,,,,,,,,,,,,,,,,,,,,,,,,,,,,,,,,,,,,,,,,,,,,,,,,,,,,,,,,,,,,,,,,,,,,,,,,,,,,,,,,,,,,,,,,,,,,,,,,,,,,,,,,,,,,,,,,,,,,,,,,,,,,,,,,,,,,,,,,,,,,,,,,,,,,,,,,,,,,,,,,,,,,,,,,,,,,,
,,,,,,,,,,,,,,50-100,,,,,,,,,,,,,,,,,,,,,,,,,,,,,,,78.8,75.1,24.4,24.8,6,6,,,,,,,,,,,,,,,,,,,,,,,,,,,,,,,,,,,,,,,,,,,,,,,,,,,,,,,,,,,,,,,,,,,,,,,,,,,,,,,,,,,,,,,,,,,,,,,,,,,,,,,,,,,,,,,,,,,,,,,,,,,,,,,,,,,,,,,,,,,,,,,,,,,,,,,,,,,,,,,,,,,,,,,,,,,,,,,,,,,,,,,,,,,,,,,,
,,,,,,,,,,224,urea,May.2006-July.2012,6.33,0-10,,,,,,,,,,,,,,,,,,,,,,,,,,,,,,,272.2,234.4,23.6,45.3,6,6,,,,,,,,,,,,,,,,,,,,,,,,,,,,,,,,,,,,,,,,,,,,,,,,,,,,,,,,,,,,,,,,,,,,,,,,,,,,,,,,,,,,,,,,,,,,,,,,,,,,,,,,,,,,,,,,,,,,,,,,,,,,,,,,,,,,,,,,,,,,,,,,,,,,,,,,,,,,,,,,,,,,,,,,,,,,,,,,,,,,,,,,,,,,,,,,
,,,,,,,,,,,,,,10-30,,,,,,,,,,,,,,,,,,,,,,,,,,,,,,,214.6,228.2,19.3,24.7,6,6,,,,,,,,,,,,,,,,,,,,,,,,,,,,,,,,,,,,,,,,,,,,,,,,,,,,,,,,,,,,,,,,,,,,,,,,,,,,,,,,,,,,,,,,,,,,,,,,,,,,,,,,,,,,,,,,,,,,,,,,,,,,,,,,,,,,,,,,,,,,,,,,,,,,,,,,,,,,,,,,,,,,,,,,,,,,,,,,,,,,,,,,,,,,,,,,
,,,,,,,,,,,,,,30-50,,,,,,,,,,,,,,,,,,,,,,,,,,,,,,,104,98.1,12,18.7,6,6,,,,,,,,,,,,,,,,,,,,,,,,,,,,,,,,,,,,,,,,,,,,,,,,,,,,,,,,,,,,,,,,,,,,,,,,,,,,,,,,,,,,,,,,,,,,,,,,,,,,,,,,,,,,,,,,,,,,,,,,,,,,,,,,,,,,,,,,,,,,,,,,,,,,,,,,,,,,,,,,,,,,,,,,,,,,,,,,,,,,,,,,,,,,,,,,
,,,,,,,,,,,,,,50-100,,,,,,,,,,,,,,,,,,,,,,,,,,,,,,,83,75.1,7.8,24.8,6,6,,,,,,,,,,,,,,,,,,,,,,,,,,,,,,,,,,,,,,,,,,,,,,,,,,,,,,,,,,,,,,,,,,,,,,,,,,,,,,,,,,,,,,,,,,,,,,,,,,,,,,,,,,,,,,,,,,,,,,,,,,,,,,,,,,,,,,,,,,,,,,,,,,,,,,,,,,,,,,,,,,,,,,,,,,,,,,,,,,,,,,,,,,,,,,,,
,,,,,,,,,,392,urea,May.2006-July.2012,6.33,0-10,,,,,,,,,,,,,,,,,,,,,,,,,,,,,,,269.3,234.4,43.5,45.3,6,6,,,,,,,,,,,,,,,,,,,,,,,,,,,,,,,,,,,,,,,,,,,,,,,,,,,,,,,,,,,,,,,,,,,,,,,,,,,,,,,,,,,,,,,,,,,,,,,,,,,,,,,,,,,,,,,,,,,,,,,,,,,,,,,,,,,,,,,,,,,,,,,,,,,,,,,,,,,,,,,,,,,,,,,,,,,,,,,,,,,,,,,,,,,,,,,,
,,,,,,,,,,,,,,10-30,,,,,,,,,,,,,,,,,,,,,,,,,,,,,,,205.3,228.2,31.2,24.7,6,6,,,,,,,,,,,,,,,,,,,,,,,,,,,,,,,,,,,,,,,,,,,,,,,,,,,,,,,,,,,,,,,,,,,,,,,,,,,,,,,,,,,,,,,,,,,,,,,,,,,,,,,,,,,,,,,,,,,,,,,,,,,,,,,,,,,,,,,,,,,,,,,,,,,,,,,,,,,,,,,,,,,,,,,,,,,,,,,,,,,,,,,,,,,,,,,,
,,,,,,,,,,,,,,30-50,,,,,,,,,,,,,,,,,,,,,,,,,,,,,,,123.7,98.1,22.1,18.7,6,6,,,,,,,,,,,,,,,,,,,,,,,,,,,,,,,,,,,,,,,,,,,,,,,,,,,,,,,,,,,,,,,,,,,,,,,,,,,,,,,,,,,,,,,,,,,,,,,,,,,,,,,,,,,,,,,,,,,,,,,,,,,,,,,,,,,,,,,,,,,,,,,,,,,,,,,,,,,,,,,,,,,,,,,,,,,,,,,,,,,,,,,,,,,,,,,,
,,,,,,,,,,,,,,50-100,,,,,,,,,,,,,,,,,,,,,,,,,,,,,,,100.3,75.1,29.6,24.8,6,6,,,,,,,,,,,,,,,,,,,,,,,,,,,,,,,,,,,,,,,,,,,,,,,,,,,,,,,,,,,,,,,,,,,,,,,,,,,,,,,,,,,,,,,,,,,,,,,,,,,,,,,,,,,,,,,,,,,,,,,,,,,,,,,,,,,,,,,,,,,,,,,,,,,,,,,,,,,,,,,,,,,,,,,,,,,,,,,,,,,,,,,,,,,,,,,,
,,,,,,,,,,560,urea,May.2006-July.2012,6.33,0-10,,,,,,,,,,,,,,,,,,,,,,,,,,,,,,,304.3,234.4,47.8,45.3,6,6,,,,,,,,,,,,,,,,,,,,,,,,,,,,,,,,,,,,,,,,,,,,,,,,,,,,,,,,,,,,,,,,,,,,,,,,,,,,,,,,,,,,,,,,,,,,,,,,,,,,,,,,,,,,,,,,,,,,,,,,,,,,,,,,,,,,,,,,,,,,,,,,,,,,,,,,,,,,,,,,,,,,,,,,,,,,,,,,,,,,,,,,,,,,,,,,
,,,,,,,,,,,,,,10-30,,,,,,,,,,,,,,,,,,,,,,,,,,,,,,,197.5,228.2,48.6,24.7,6,6,,,,,,,,,,,,,,,,,,,,,,,,,,,,,,,,,,,,,,,,,,,,,,,,,,,,,,,,,,,,,,,,,,,,,,,,,,,,,,,,,,,,,,,,,,,,,,,,,,,,,,,,,,,,,,,,,,,,,,,,,,,,,,,,,,,,,,,,,,,,,,,,,,,,,,,,,,,,,,,,,,,,,,,,,,,,,,,,,,,,,,,,,,,,,,,,
,,,,,,,,,,,,,,30-50,,,,,,,,,,,,,,,,,,,,,,,,,,,,,,,104.8,98.1,18.8,18.7,6,6,,,,,,,,,,,,,,,,,,,,,,,,,,,,,,,,,,,,,,,,,,,,,,,,,,,,,,,,,,,,,,,,,,,,,,,,,,,,,,,,,,,,,,,,,,,,,,,,,,,,,,,,,,,,,,,,,,,,,,,,,,,,,,,,,,,,,,,,,,,,,,,,,,,,,,,,,,,,,,,,,,,,,,,,,,,,,,,,,,,,,,,,,,,,,,,,
,,,,,,,,,,,,,,50-100,,,,,,,,,,,,,,,,,,,,,,,,,,,,,,,93.2,75.1,15,24.8,6,6,,,,,,,,,,,,,,,,,,,,,,,,,,,,,,,,,,,,,,,,,,,,,,,,,,,,,,,,,,,,,,,,,,,,,,,,,,,,,,,,,,,,,,,,,,,,,,,,,,,,,,,,,,,,,,,,,,,,,,,,,,,,,,,,,,,,,,,,,,,,,,,,,,,,,,,,,,,,,,,,,,,,,,,,,,,,,,,,,,,,,,,,,,,,,,,,
16,"Hungate et al, 2007","northwest of Flagstaff, Arizona, USA(35ø16?N, 111ø45'W)", ponderosa pine forest,,subtropical climate,Typic Argiborolls and Mollic Eutroboralfs,577,,,450,NH4NO3,February.2000-June.2001,1.3,,,,,,,,483.700 ,247.900 ,257.726 ,166.652 ,10,10,,,,,,,,,,,,,1.809(g/m2),0.865(g/m2),0.955 ,0.550 ,10,10,126.9,73.3,61.348 ,45.221 ,10,10,,,,,,,,,,,,,,,,,,,76.6,95.2,31.939 ,34.469 ,10,10,,,,,,,,,,,,,,,,,,,,,,,,,,,,,,,,,,,,,,,,,,,,,,,,,,,,,,,,,,,,,,,,,,,,,,,,,,,,,,,,,,,,,,,,,,,,,,,,,,,,,,,,,,,,,,,,,,,,,,,,,,,,,,,,,,,,,,,,,,,,,,,,,,,,,,,,,,,,,,,,,,,,,,,,
17,"Jia et al, 2010","Maoer shan Experi-menta l Station (127ø30?-127ø34?E, 45ø21?-45ø25 ?N) of Northeast Forestry University, ",L. gmelinii tree,2,temperate climate,Hap-Boric Luvisol,723,2.8,,100,NH4NO3,May.2002-May.2007,5,,91.670 ,133.630 ,76.314 ,9.994 ,3,3,,,,,,,,,,,,,7.53 (nmol O2 g-1 s-1),6.46(nmol O2 g-1 s-1),0.346410162,0.346410162,3,3,36.070 ,29.790 ,0.208 ,0.173 ,3 ,3 ,,,,,,,,,,,,,,,,,,,,,,,,,,,,,,,,,,,,,,,,,,,,,,,,,,,,,,,,,,,,,,,,,,,,,,,,,,,,,,,,,,,,,,,,,,,,,,,,,,,,,,,,,,,,,,,,,,,,,,,,,,,,,,,,,,,,,,,,,,,,,,,,,,,,,,,,,,,,,,,,,,,,,,,,,,,,,,,,,,,,,,,,,,,,,,,,,,,,,,
,,,,,,,,,,,,,5,,88.380 ,146.440 ,84.888 ,79.397 ,3,3,,,,,,,,,,,,,5.42,4.25,0.121243557,0.155884573,3,3,30.790 ,23.420 ,0.416 ,0.468 ,3 ,3 ,,,,,,,,,,,,,,,,,,,,,,,,,,,,,,,,,,,,,,,,,,,,,,,,,,,,,,,,,,,,,,,,,,,,,,,,,,,,,,,,,,,,,,,,,,,,,,,,,,,,,,,,,,,,,,,,,,,,,,,,,,,,,,,,,,,,,,,,,,,,,,,,,,,,,,,,,,,,,,,,,,,,,,,,,,,,,,,,,,,,,,,,,,,,,,,,,,,,,,
,,,,,,,,,,,,,5,,63.500 ,189.530 ,44.289 ,101.256 ,3,3,,,,,,,,,,,,,4.35,3.73,0.277128129,0.121243557,3,3,23.940 ,16.540 ,0.312 ,0.104 ,3 ,3 ,,,,,,,,,,,,,,,,,,,,,,,,,,,,,,,,,,,,,,,,,,,,,,,,,,,,,,,,,,,,,,,,,,,,,,,,,,,,,,,,,,,,,,,,,,,,,,,,,,,,,,,,,,,,,,,,,,,,,,,,,,,,,,,,,,,,,,,,,,,,,,,,,,,,,,,,,,,,,,,,,,,,,,,,,,,,,,,,,,,,,,,,,,,,,,,,,,,,,,
,,,,,,,,,,,,,5,,102.260 ,233.030 ,73.023 ,139.517 ,3,3,,,,,,,,,,,,,2.48,2.31,0.138564065,0.034641016,3,3,12.300 ,10.970 ,0.779 ,0.762 ,3 ,3 ,,,,,,,,,,,,,,,,,,,,,,,,,,,,,,,,,,,,,,,,,,,,,,,,,,,,,,,,,,,,,,,,,,,,,,,,,,,,,,,,,,,,,,,,,,,,,,,,,,,,,,,,,,,,,,,,,,,,,,,,,,,,,,,,,,,,,,,,,,,,,,,,,,,,,,,,,,,,,,,,,,,,,,,,,,,,,,,,,,,,,,,,,,,,,,,,,,,,,,
,,,,,,,,,,,,,5,,61.060 ,289.430 ,60.795 ,173.205 ,3,3,,,,,,,,,,,,,2.21,2.03,0.069282032,0.103923048,3,3,11.450 ,9.420 ,0.191 ,0.087 ,3 ,3 ,,,,,,,,,,,,,,,,,,,,,,,,,,,,,,,,,,,,,,,,,,,,,,,,,,,,,,,,,,,,,,,,,,,,,,,,,,,,,,,,,,,,,,,,,,,,,,,,,,,,,,,,,,,,,,,,,,,,,,,,,,,,,,,,,,,,,,,,,,,,,,,,,,,,,,,,,,,,,,,,,,,,,,,,,,,,,,,,,,,,,,,,,,,,,,,,,,,,,,
,,,,,,,,,,,,May.2002-July.2007,5.33,,59.640 ,103.680 ,22.534 ,19.053 ,3,3,,,,,,,,,,,,,18.68,17.57,0.640858799,0.225166605,3,3,33.450 ,26.560 ,1.455 ,0.121 ,3 ,3 ,,,,,,,,,,,,,,,,,,,,,,,,,,,,,,,,,,,,,,,,,,,,,,,,,,,,,,,,,,,,,,,,,,,,,,,,,,,,,,,,,,,,,,,,,,,,,,,,,,,,,,,,,,,,,,,,,,,,,,,,,,,,,,,,,,,,,,,,,,,,,,,,,,,,,,,,,,,,,,,,,,,,,,,,,,,,,,,,,,,,,,,,,,,,,,,,,,,,,,
,,,,,,,,,,,,,5.33,,41.680 ,66.360 ,15.883 ,12.834 ,3,3,,,,,,,,,,,,,15.65,15.53,0.415692194,0.294448637,3,3,26.530 ,22.620 ,0.191 ,0.069 ,3 ,3 ,,,,,,,,,,,,,,,,,,,,,,,,,,,,,,,,,,,,,,,,,,,,,,,,,,,,,,,,,,,,,,,,,,,,,,,,,,,,,,,,,,,,,,,,,,,,,,,,,,,,,,,,,,,,,,,,,,,,,,,,,,,,,,,,,,,,,,,,,,,,,,,,,,,,,,,,,,,,,,,,,,,,,,,,,,,,,,,,,,,,,,,,,,,,,,,,,,,,,,
,,,,,,,,,,,,,5.33,,29.580 ,54.370 ,12.783 ,12.419 ,3,3,,,,,,,,,,,,,14.24,13.98,0.225166605,0.346410162,3,3,18.250 ,15.140 ,0.225 ,2.113 ,3 ,3 ,,,,,,,,,,,,,,,,,,,,,,,,,,,,,,,,,,,,,,,,,,,,,,,,,,,,,,,,,,,,,,,,,,,,,,,,,,,,,,,,,,,,,,,,,,,,,,,,,,,,,,,,,,,,,,,,,,,,,,,,,,,,,,,,,,,,,,,,,,,,,,,,,,,,,,,,,,,,,,,,,,,,,,,,,,,,,,,,,,,,,,,,,,,,,,,,,,,,,,
,,,,,,,,,,,,,5.33,,32.410 ,52.620 ,15.155 ,13.856 ,3,3,,,,,,,,,,,,,10.27,9.53,0.225166605,0.138564065,3,3,11.400 ,10.480 ,0.000 ,0.208 ,3 ,3 ,,,,,,,,,,,,,,,,,,,,,,,,,,,,,,,,,,,,,,,,,,,,,,,,,,,,,,,,,,,,,,,,,,,,,,,,,,,,,,,,,,,,,,,,,,,,,,,,,,,,,,,,,,,,,,,,,,,,,,,,,,,,,,,,,,,,,,,,,,,,,,,,,,,,,,,,,,,,,,,,,,,,,,,,,,,,,,,,,,,,,,,,,,,,,,,,,,,,,,
,,,,,,,,,,,,,5.33,,36.200 ,56.510 ,19.053 ,14.809 ,3,3,,,,,,,,,,,,,8.52,7.08,0.36373067,0.381051178,3,3,12.270 ,8.760 ,0.260 ,0.277 ,3 ,3 ,,,,,,,,,,,,,,,,,,,,,,,,,,,,,,,,,,,,,,,,,,,,,,,,,,,,,,,,,,,,,,,,,,,,,,,,,,,,,,,,,,,,,,,,,,,,,,,,,,,,,,,,,,,,,,,,,,,,,,,,,,,,,,,,,,,,,,,,,,,,,,,,,,,,,,,,,,,,,,,,,,,,,,,,,,,,,,,,,,,,,,,,,,,,,,,,,,,,,,
,,,,,,,,,,,,May.2002-Sep.2007,5.5,,56.040 ,102.410 ,26.829 ,38.988 ,3,3,,,,,,,,,,,,,7.59,6.66,0.294448637,0.381051178,3,3,25.770 ,21.600 ,0.502 ,0.294 ,3 ,3 ,,,,,,,,,,,,,,,,,,,,,,,,,,,,,,,,,,,,,,,,,,,,,,,,,,,,,,,,,,,,,,,,,,,,,,,,,,,,,,,,,,,,,,,,,,,,,,,,,,,,,,,,,,,,,,,,,,,,,,,,,,,,,,,,,,,,,,,,,,,,,,,,,,,,,,,,,,,,,,,,,,,,,,,,,,,,,,,,,,,,,,,,,,,,,,,,,,,,,,
,,,,,,,,,,,,,5.5,,37.930 ,60.570 ,18.775 ,13.856 ,3,3,,,,,,,,,,,,,5.77,4.65,0.121243557,0.259807621,3,3,23.440 ,18.560 ,0.260 ,0.139 ,3 ,3 ,,,,,,,,,,,,,,,,,,,,,,,,,,,,,,,,,,,,,,,,,,,,,,,,,,,,,,,,,,,,,,,,,,,,,,,,,,,,,,,,,,,,,,,,,,,,,,,,,,,,,,,,,,,,,,,,,,,,,,,,,,,,,,,,,,,,,,,,,,,,,,,,,,,,,,,,,,,,,,,,,,,,,,,,,,,,,,,,,,,,,,,,,,,,,,,,,,,,,,
,,,,,,,,,,,,,5.5,,34.650 ,51.890 ,13.649 ,13.995 ,3,3,,,,,,,,,,,,,4.2,3.38,0.034641016,0.277128129,3,3,20.570 ,14.810 ,0.208 ,0.433 ,3 ,3 ,,,,,,,,,,,,,,,,,,,,,,,,,,,,,,,,,,,,,,,,,,,,,,,,,,,,,,,,,,,,,,,,,,,,,,,,,,,,,,,,,,,,,,,,,,,,,,,,,,,,,,,,,,,,,,,,,,,,,,,,,,,,,,,,,,,,,,,,,,,,,,,,,,,,,,,,,,,,,,,,,,,,,,,,,,,,,,,,,,,,,,,,,,,,,,,,,,,,,,
,,,,,,,,,,,,,5.5,,27.530 ,45.750 ,16.714 ,7.430 ,3,3,,,,,,,,,,,,,2.45,2.43,0.294448637,0.259807621,3,3,13.990 ,11.150 ,0.346 ,0.225 ,3 ,3 ,,,,,,,,,,,,,,,,,,,,,,,,,,,,,,,,,,,,,,,,,,,,,,,,,,,,,,,,,,,,,,,,,,,,,,,,,,,,,,,,,,,,,,,,,,,,,,,,,,,,,,,,,,,,,,,,,,,,,,,,,,,,,,,,,,,,,,,,,,,,,,,,,,,,,,,,,,,,,,,,,,,,,,,,,,,,,,,,,,,,,,,,,,,,,,,,,,,,,,
,,,,,,,,,,,,,5.5,,22.760 ,42.080 ,21.824 ,29.618 ,3,3,,,,,,,,,,,,,2.14,2.06,0.155884573,0.034641016,3,3,13.260 ,8.960 ,0.139 ,0.156 ,3 ,3 ,,,,,,,,,,,,,,,,,,,,,,,,,,,,,,,,,,,,,,,,,,,,,,,,,,,,,,,,,,,,,,,,,,,,,,,,,,,,,,,,,,,,,,,,,,,,,,,,,,,,,,,,,,,,,,,,,,,,,,,,,,,,,,,,,,,,,,,,,,,,,,,,,,,,,,,,,,,,,,,,,,,,,,,,,,,,,,,,,,,,,,,,,,,,,,,,,,,,,,
,,"Maoer shan Exp eri-menta l Station (127ø30?-127ø34?E, 45ø21?-45ø25 ?N) of Northeast Forestry University, ",F. mandshurica tree,2,temperate climate,Hap-Boric Luvisol,723,2.8,,100,NH4NO3,May.2002-May.2007,5,,137.600 ,138.770 ,53.139 ,46.003 ,3,3,,,,,,,,,,,,,8.13,7.43,0.103923048,0.398371686,3,3,24.810 ,23.210 ,0.398 ,0.242 ,3 ,3 ,,,,,,,,,,,,,,,,,,,,,,,,,,,,,,,,,,,,,,,,,,,,,,,,,,,,,,,,,,,,,,,,,,,,,,,,,,,,,,,,,,,,,,,,,,,,,,,,,,,,,,,,,,,,,,,,,,,,,,,,,,,,,,,,,,,,,,,,,,,,,,,,,,,,,,,,,,,,,,,,,,,,,,,,,,,,,,,,,,,,,,,,,,,,,,,,,,,,,,
,,,,,,,,,,,,,5,,73.420 ,75.750 ,19.018 ,26.102 ,3,3,,,,,,,,,,,,,6.59,5.59,0.433012702,0.259807621,3,3,20.670 ,20.430 ,0.121 ,0.035 ,3 ,3 ,,,,,,,,,,,,,,,,,,,,,,,,,,,,,,,,,,,,,,,,,,,,,,,,,,,,,,,,,,,,,,,,,,,,,,,,,,,,,,,,,,,,,,,,,,,,,,,,,,,,,,,,,,,,,,,,,,,,,,,,,,,,,,,,,,,,,,,,,,,,,,,,,,,,,,,,,,,,,,,,,,,,,,,,,,,,,,,,,,,,,,,,,,,,,,,,,,,,,,
,,,,,,,,,,,,,5,,71.390 ,66.520 ,25.409 ,26.310 ,3,3,,,,,,,,,,,,,5.62,4.26,0.242487113,0.277128129,3,3,17.740 ,15.770 ,0.191 ,0.087 ,3 ,3 ,,,,,,,,,,,,,,,,,,,,,,,,,,,,,,,,,,,,,,,,,,,,,,,,,,,,,,,,,,,,,,,,,,,,,,,,,,,,,,,,,,,,,,,,,,,,,,,,,,,,,,,,,,,,,,,,,,,,,,,,,,,,,,,,,,,,,,,,,,,,,,,,,,,,,,,,,,,,,,,,,,,,,,,,,,,,,,,,,,,,,,,,,,,,,,,,,,,,,,
,,,,,,,,,,,,,5,,98.490 ,80.820 ,37.204 ,33.775 ,3,3,,,,,,,,,,,,,4.3,3.59,0.207846097,0.207846097,3,3,13.190 ,10.520 ,0.277 ,0.173 ,3 ,3 ,,,,,,,,,,,,,,,,,,,,,,,,,,,,,,,,,,,,,,,,,,,,,,,,,,,,,,,,,,,,,,,,,,,,,,,,,,,,,,,,,,,,,,,,,,,,,,,,,,,,,,,,,,,,,,,,,,,,,,,,,,,,,,,,,,,,,,,,,,,,,,,,,,,,,,,,,,,,,,,,,,,,,,,,,,,,,,,,,,,,,,,,,,,,,,,,,,,,,,
,,,,,,,,,,,,,5,,171.630 ,160.100 ,116.325 ,103.022 ,3,3,,,,,,,,,,,,,3.11,2.18,0.08660254,0.190525589,3,3,10.030 ,8.820 ,0.104 ,0.156 ,3 ,3 ,,,,,,,,,,,,,,,,,,,,,,,,,,,,,,,,,,,,,,,,,,,,,,,,,,,,,,,,,,,,,,,,,,,,,,,,,,,,,,,,,,,,,,,,,,,,,,,,,,,,,,,,,,,,,,,,,,,,,,,,,,,,,,,,,,,,,,,,,,,,,,,,,,,,,,,,,,,,,,,,,,,,,,,,,,,,,,,,,,,,,,,,,,,,,,,,,,,,,,
,,,,,,,,,,,,May.2002-July.2007,5.33,,91.140 ,189.260 ,36.252 ,73.214 ,3,3,,,,,,,,,,,,,20.47,18.8,0.519615242,0.329089653,3,3,22.850 ,19.710 ,0.104 ,0.139 ,3 ,3 ,,,,,,,,,,,,,,,,,,,,,,,,,,,,,,,,,,,,,,,,,,,,,,,,,,,,,,,,,,,,,,,,,,,,,,,,,,,,,,,,,,,,,,,,,,,,,,,,,,,,,,,,,,,,,,,,,,,,,,,,,,,,,,,,,,,,,,,,,,,,,,,,,,,,,,,,,,,,,,,,,,,,,,,,,,,,,,,,,,,,,,,,,,,,,,,,,,,,,,
,,,,,,,,,,,,,5.33,,47.970 ,86.250 ,18.360 ,29.670 ,3,3,,,,,,,,,,,,,16.22,15.46,0.207846097,0.398371686,3,3,20.700 ,16.290 ,0.191 ,0.156 ,3 ,3 ,,,,,,,,,,,,,,,,,,,,,,,,,,,,,,,,,,,,,,,,,,,,,,,,,,,,,,,,,,,,,,,,,,,,,,,,,,,,,,,,,,,,,,,,,,,,,,,,,,,,,,,,,,,,,,,,,,,,,,,,,,,,,,,,,,,,,,,,,,,,,,,,,,,,,,,,,,,,,,,,,,,,,,,,,,,,,,,,,,,,,,,,,,,,,,,,,,,,,,
,,,,,,,,,,,,,5.33,,41.860 ,64.500 ,16.281 ,21.616 ,3,3,,,,,,,,,,,,,15.3,13.5,0.259807621,0.08660254,3,3,16.190 ,13.530 ,0.139 ,0.260 ,3 ,3 ,,,,,,,,,,,,,,,,,,,,,,,,,,,,,,,,,,,,,,,,,,,,,,,,,,,,,,,,,,,,,,,,,,,,,,,,,,,,,,,,,,,,,,,,,,,,,,,,,,,,,,,,,,,,,,,,,,,,,,,,,,,,,,,,,,,,,,,,,,,,,,,,,,,,,,,,,,,,,,,,,,,,,,,,,,,,,,,,,,,,,,,,,,,,,,,,,,,,,,
,,,,,,,,,,,,,5.33,,56.150 ,62.970 ,26.379 ,19.364 ,3,3,,,,,,,,,,,,,10.12,9.8,0.034641016,0.225166605,3,3,12.180 ,11.000 ,0.208 ,0.069 ,3 ,3 ,,,,,,,,,,,,,,,,,,,,,,,,,,,,,,,,,,,,,,,,,,,,,,,,,,,,,,,,,,,,,,,,,,,,,,,,,,,,,,,,,,,,,,,,,,,,,,,,,,,,,,,,,,,,,,,,,,,,,,,,,,,,,,,,,,,,,,,,,,,,,,,,,,,,,,,,,,,,,,,,,,,,,,,,,,,,,,,,,,,,,,,,,,,,,,,,,,,,,,
,,,,,,,,,,,,,5.33,,66.510 ,106.090 ,44.514 ,53.988 ,3,3,,,,,,,,,,,,,9.57,8.44,0.381051178,0.207846097,3,3,9.550 ,9.240 ,0.312 ,0.468 ,3 ,3 ,,,,,,,,,,,,,,,,,,,,,,,,,,,,,,,,,,,,,,,,,,,,,,,,,,,,,,,,,,,,,,,,,,,,,,,,,,,,,,,,,,,,,,,,,,,,,,,,,,,,,,,,,,,,,,,,,,,,,,,,,,,,,,,,,,,,,,,,,,,,,,,,,,,,,,,,,,,,,,,,,,,,,,,,,,,,,,,,,,,,,,,,,,,,,,,,,,,,,,
,,,,,,,,,,,,May.2002-Sep.2007,5.5,,92.270 ,179.000 ,28.129 ,16.506 ,3,3,,,,,,,,,,,,,8.21,7.55,0.294448637,0.398371686,3,3,21.170 ,20.710 ,0.242 ,0.139 ,3 ,3 ,,,,,,,,,,,,,,,,,,,,,,,,,,,,,,,,,,,,,,,,,,,,,,,,,,,,,,,,,,,,,,,,,,,,,,,,,,,,,,,,,,,,,,,,,,,,,,,,,,,,,,,,,,,,,,,,,,,,,,,,,,,,,,,,,,,,,,,,,,,,,,,,,,,,,,,,,,,,,,,,,,,,,,,,,,,,,,,,,,,,,,,,,,,,,,,,,,,,,,
,,,,,,,,,,,,,5.5,,41.430 ,79.860 ,14.324 ,21.599 ,3,3,,,,,,,,,,,,,6.12,5.54,0.259807621,0.225166605,3,3,19.800 ,18.990 ,0.277 ,0.156 ,3 ,3 ,,,,,,,,,,,,,,,,,,,,,,,,,,,,,,,,,,,,,,,,,,,,,,,,,,,,,,,,,,,,,,,,,,,,,,,,,,,,,,,,,,,,,,,,,,,,,,,,,,,,,,,,,,,,,,,,,,,,,,,,,,,,,,,,,,,,,,,,,,,,,,,,,,,,,,,,,,,,,,,,,,,,,,,,,,,,,,,,,,,,,,,,,,,,,,,,,,,,,,
,,,,,,,,,,,,,5.5,,41.850 ,69.630 ,12.298 ,19.156 ,3,3,,,,,,,,,,,,,5.29,4.46,0.779422863,0.294448637,3,3,18.090 ,15.880 ,0.242 ,0.208 ,3 ,3 ,,,,,,,,,,,,,,,,,,,,,,,,,,,,,,,,,,,,,,,,,,,,,,,,,,,,,,,,,,,,,,,,,,,,,,,,,,,,,,,,,,,,,,,,,,,,,,,,,,,,,,,,,,,,,,,,,,,,,,,,,,,,,,,,,,,,,,,,,,,,,,,,,,,,,,,,,,,,,,,,,,,,,,,,,,,,,,,,,,,,,,,,,,,,,,,,,,,,,,
,,,,,,,,,,,,,5.5,,67.800 ,86.620 ,27.505 ,21.789 ,3,3,,,,,,,,,,,,,4.45,3.79,0.710140831,0.138564065,3,3,13.930 ,11.190 ,0.087 ,0.087 ,3 ,3 ,,,,,,,,,,,,,,,,,,,,,,,,,,,,,,,,,,,,,,,,,,,,,,,,,,,,,,,,,,,,,,,,,,,,,,,,,,,,,,,,,,,,,,,,,,,,,,,,,,,,,,,,,,,,,,,,,,,,,,,,,,,,,,,,,,,,,,,,,,,,,,,,,,,,,,,,,,,,,,,,,,,,,,,,,,,,,,,,,,,,,,,,,,,,,,,,,,,,,,
,,,,,,,,,,,,,5.5,,73.840 ,116.020 ,31.922 ,32.026 ,3,3,,,,,,,,,,,,,3.8,2.32,0.606217783,0.138564065,3,3,10.230 ,9.780 ,0.502 ,0.208 ,3 ,3 ,,,,,,,,,,,,,,,,,,,,,,,,,,,,,,,,,,,,,,,,,,,,,,,,,,,,,,,,,,,,,,,,,,,,,,,,,,,,,,,,,,,,,,,,,,,,,,,,,,,,,,,,,,,,,,,,,,,,,,,,,,,,,,,,,,,,,,,,,,,,,,,,,,,,,,,,,,,,,,,,,,,,,,,,,,,,,,,,,,,,,,,,,,,,,,,,,,,,,,
18,"Jiang et al, 2014"," Sun Yat-sen University, Guangzhou, China(23ø06'N, 113ø17'E)",city lawn,,tropical climate,,1735,21.9 ,100,100,NH4NO3,September.2010-June.2011,0.8,,,,,,,,1617.650 ,1657.750 ,185.243 ,162.103 ,3,3,,,,,,,,,,,,,,,,,,,,,,,,,,,,,,,,,,,,,,,,,,,,,,,,,,,,,,,,,,,,,,,,,,,,,,,,,,,,,,,,,,,,,,,,,,,,,,,,,,,,,,,,,,,,,,,,,,,,,,,,,,,,,,,,,,,,,,,,,,,,,,,,,,,,,,,,,,,,,,,,,,,,,,,,,,,,,,,,,,,,,,,,,,,,,,,,,,,,,,,,,,,,,,,,,,,,,,,,
,,,,,,,,,,200,NH4NO3,September.2010-June.2011,1.8,,,,,,,,1684.490 ,1657.750 ,185.243 ,162.103 ,3,3,,,,,,,,,,,,,,,,,,,,,,,,,,,,,,,,,,,,,,,,,,,,,,,,,,,,,,,,,,,,,,,,,,,,,,,,,,,,,,,,,,,,,,,,,,,,,,,,,,,,,,,,,,,,,,,,,,,,,,,,,,,,,,,,,,,,,,,,,,,,,,,,,,,,,,,,,,,,,,,,,,,,,,,,,,,,,,,,,,,,,,,,,,,,,,,,,,,,,,,,,,,,,,,,,,,,,,,,
,,,,,,,,,,100,NH4NO3,September.2010-June.2012,0.8,,,,,,,,1684.490 ,1724.600 ,185.243 ,231.558 ,3,3,,,,,,,,,,,,,,,,,,,,,,,,,,,,,,,,,,,,,,,,,,,,,,,,,,,,,,,,,,,,,,,,,,,,,,,,,,,,,,,,,,,,,,,,,,,,,,,,,,,,,,,,,,,,,,,,,,,,,,,,,,,,,,,,,,,,,,,,,,,,,,,,,,,,,,,,,,,,,,,,,,,,,,,,,,,,,,,,,,,,,,,,,,,,,,,,,,,,,,,,,,,,,,,,,,,,,,,,
,,,,,,,,,,200,NH4NO3,September.2010-June.2012,1.8,,,,,,,,1724.600 ,1724.600 ,208.400 ,231.558 ,3,3,,,,,,,,,,,,,,,,,,,,,,,,,,,,,,,,,,,,,,,,,,,,,,,,,,,,,,,,,,,,,,,,,,,,,,,,,,,,,,,,,,,,,,,,,,,,,,,,,,,,,,,,,,,,,,,,,,,,,,,,,,,,,,,,,,,,,,,,,,,,,,,,,,,,,,,,,,,,,,,,,,,,,,,,,,,,,,,,,,,,,,,,,,,,,,,,,,,,,,,,,,,,,,,,,,,,,,,,
19,"Johnson et al, 2005","Sourhope, Kelso, Scotland(55ø28?N, 2ø14' E)",grassland,,temperate climate,,,,,120,NH4NO3,,2,,,,,,,,,,,,,,,,,,,,,,,,,,,,,,,,,,,,,,,,,,,,,,,,,,,,,,,,,,,,,,,,,,,,,,,,,,,,,,,,14.3022,17.8164,15.93332598,15.92035679,5,5,,,,,,,,,,,,,,,,,,,,,,,,,,,,,,,,,,,,,,,,,,,,,,,,,,,,,,,,,,,,,,,,,,,,,,,,,,,,,,,,,,,,,,,,,,,,,,,,,,,,,,,,,,,,,,,,,,,,,,,,,,,,,,,,,,,,,,,,,,,,,,,,
20,"Lamb et al,2007","Kinsella, Alberta, Canada(53ø05?N, 111ø33'W)",grassland,,temperate climate,,,,,54.4,NH4NO3,May.2003-May.2004,1,,843.187 ,752.241 ,362.203 ,262.709 ,4,4,,,,,,,,,,,,,,,,,,,,,,,,,,,,,,,,,,,,,,,,,,,,,,,,,,,,,,,,,,,,,,,,,,,,,,,,,,,,,,,,,,,,,,,,,,,,,,,,,,,,,,,,,,,,,,,,,,,,,,,,,,,,,,,,,,,,,,,,,,,,,,,,,,,,,,,,,,,,,,,,,,,,,,,,,,,,,,,,,,,,,,,,,,,,,,,,,,,,,,,,,,,,,,,,,,,,,,,,,,,,,,
21,"Lee and Jose, 2003","northern Santa Rosa County, FL(30ø50?N, 87ø11' W)", Cottonwood forest,7,subtropical climate,,,,,56,NH4NO3,1995-2002,8,,,,,,,,,,,,,,,,,,,,,,,,,,,,,,,,,,,,,,,,,,,,,,,,,,,,,,,,,,,,,,221.429,242.857,108.8697856,113.8199868,12,12,,,,,,,,,,,,,,,,,,,,,,,,,,,,,,,,,,,,,,,,,,,,,,,,,,,,,,,,,,,,,,,,,,,,,,,,,,,,,,,,,,,,,,,,,,,,,,,,,,,,,,,,,,,,,,,,,,,,,,,,,,,,,,,,,,,,,,,,,,,,,,,,,,,,,,,,,,,,,,,,,,
,,,,,,,,,,112,,,8,,,,,,,,,,,,,,,,,,,,,,,,,,,,,,,,,,,,,,,,,,,,,,,,,,,,,,,,,,,,,,208.571,242.857,74.23223351,113.8199868,12,12,,,,,,,,,,,,,,,,,,,,,,,,,,,,,,,,,,,,,,,,,,,,,,,,,,,,,,,,,,,,,,,,,,,,,,,,,,,,,,,,,,,,,,,,,,,,,,,,,,,,,,,,,,,,,,,,,,,,,,,,,,,,,,,,,,,,,,,,,,,,,,,,,,,,,,,,,,,,,,,,,,
,,,,,,,,,,224,,,8,,,,,,,,,,,,,,,,,,,,,,,,,,,,,,,,,,,,,,,,,,,,,,,,,,,,,,,,,,,,,,211.429,242.857,108.8697856,113.8199868,12,12,,,,,,,,,,,,,,,,,,,,,,,,,,,,,,,,,,,,,,,,,,,,,,,,,,,,,,,,,,,,,,,,,,,,,,,,,,,,,,,,,,,,,,,,,,,,,,,,,,,,,,,,,,,,,,,,,,,,,,,,,,,,,,,,,,,,,,,,,,,,,,,,,,,,,,,,,,,,,,,,,,
,,,Loblolly pine forest,7,subtropical climate,,,,,56,,,8,,,,,,,,,,,,,,,,,,,,,,,,,,,,,,,,,,,,,,,,,,,,,,,,,,,,,,,,,,,,,,138.571,131.429,108.8732497,113.8199868,12,12,,,,,,,,,,,,,,,,,,,,,,,,,,,,,,,,,,,,,,,,,,,,,,,,,,,,,,,,,,,,,,,,,,,,,,,,,,,,,,,,,,,,,,,,,,,,,,,,,,,,,,,,,,,,,,,,,,,,,,,,,,,,,,,,,,,,,,,,,,,,,,,,,,,,,,,,,,,,,,,,,,
,,,,,,,,,,112,,,8,,,,,,,,,,,,,,,,,,,,,,,,,,,,,,,,,,,,,,,,,,,,,,,,,,,,,,,,,,,,,,145.714,131.429,69.2820323,113.8199868,12,12,,,,,,,,,,,,,,,,,,,,,,,,,,,,,,,,,,,,,,,,,,,,,,,,,,,,,,,,,,,,,,,,,,,,,,,,,,,,,,,,,,,,,,,,,,,,,,,,,,,,,,,,,,,,,,,,,,,,,,,,,,,,,,,,,,,,,,,,,,,,,,,,,,,,,,,,,,,,,,,,,,
,,,,,,,,,,224,,,8,,,,,,,,,,,,,,,,,,,,,,,,,,,,,,,,,,,,,,,,,,,,,,,,,,,,,,,,,,,,,,162.857,131.429,113.8199868,113.8199868,12,12,,,,,,,,,,,,,,,,,,,,,,,,,,,,,,,,,,,,,,,,,,,,,,,,,,,,,,,,,,,,,,,,,,,,,,,,,,,,,,,,,,,,,,,,,,,,,,,,,,,,,,,,,,,,,,,,,,,,,,,,,,,,,,,,,,,,,,,,,,,,,,,,,,,,,,,,,,,,,,,,,,
22,"Liu et al, 2011","Maoxian Ecological Station of the Chinese Academy of Sciences, Sichuan province, China(31ø41'N, 103ø53'E)",forest,3,subtropical climate,,900,8.9 ,,250,NH4NO3,April.2007-December.2008,1.6,,7.308 ,5.897 ,1.361 ,0.628 ,6,6,0.855 ,0.513 ,0.733 ,0.419 ,6,6,1.45299,1.5812,1.151 ,0.837 ,6,6,,,,,,,,,,,,,,,,,,,0.456 ,0.540 ,0.083 ,0.124 ,6,6,29.5238 (cm),26.905 ,5.832 ,5.249 ,6,6,2.187 ,2.022 ,0.550 ,0.294 ,6,6,,,,,,,,,,,,,,,,,,,,,,,,,,,,,,,,,,,,,,,,,,,,,,,,,,,,,,,,,,,,,,,,,,,,,,,,,,,,,,,,,,,,,,,,,,,,,,,,,,,,,,,,,,,,,,,,,,,,,,,,,,,,,,,,,,,,,,,,,,,,,,,,,,,,,,,,,,,,,,,,,,,,,,,,,,,,,,
23,"Lu et al, 2011 ","proximity to the Inner Mongolia Grassl and Ecosystem Research Station(43ø33'N, 116ø40'E)", steppe ecosystem,,temperate climate,calcic-orthic aridisol,345,1.1 ,,175,urea,May.2007-July.2008,1.3,,,,,,,,,,,,,,,,,,,,,,,,,,15.6926 (g N m-2),15.2597(g N m-2),2.178 ,2.420 ,5 ,5 ,598.745,692.715,40.94240467,91.59158043,5,5,,,,,,,,,,,,,,,,,,,,,,,,,,,,,,,,,,,,,,,,,,,,,,,,,,,,,,,,,,,,,,,,,,,,,,,,,,,,,,,,,,,,,,,,,,,,,,,,,,,,,,,,,,,,,,,,,,,,,,,,,,,,,,,,,,,,,,,,,,,,,,,,,,,,,,,,,,,,,,,,,,,,,,,,,,,,,,,,,,,,,,,,,,,,,,,,
24,"Magill et al, 2004","Harvard Forest in central Massachusetts (42ø30'N, 72ø10'W)",red pine plantation,,temperate climate,,1120,3.5 ,8,50,NH4NO3,May.1988-2001,13.6,Organic,,,,,,,248.0 ,152.3 ,91.074 ,57.553 ,10,10,,,,,,,,,,,,,2.200 ,1.600 ,0.190 ,0.158 ,10,10,,,,,,,,,,,,,,,,,,,,,,,,,22.5,29.6809,6.055 ,11.354 ,10,10,,,,,,,,,,,,,,,,,,,,,,,,,,,,,,,,,,,,,,,,,,,,,,,,,,,,,,,,,,,,,,,,,,,,,,,,,,,,,,,,,,,,,,,,,,,,,,,,,,,,,,,,,,,,,,,,,,,,,,,,,,,,,,,,,,,,,,,,,,,,,,,,,,,,,,,,,,,,,,,,,,,,,,,,
,,,,,,,,,8,50,NH4NO3,May.1988-2001,13.6,Mineral 0 ?10,,,,,,,278.6 ,263.4 ,117.953 ,92.971 ,10,10,,,,,,,,,,,,,1.800 ,1.100 ,0.285 ,0.158 ,10,10,,,,,,,,,,,,,,,,,,,,,,,,,24.6543,40.4521,10.597 ,27.249 ,10,10,,,,,,,,,,,,,,,,,,,,,,,,,,,,,,,,,,,,,,,,,,,,,,,,,,,,,,,,,,,,,,,,,,,,,,,,,,,,,,,,,,,,,,,,,,,,,,,,,,,,,,,,,,,,,,,,,,,,,,,,,,,,,,,,,,,,,,,,,,,,,,,,,,,,,,,,,,,,,,,,,,,,,,,,
,,,,,,,,,8,50,NH4NO3,May.1988-2001,13.6,Mineral 10?20,,,,,,,177.2 ,198.4 ,92.655 ,96.133 ,10,10,,,,,,,,,,,,,1.600 ,0.800 ,0.316 ,0.253 ,10,10,,,,,,,,,,,,,,,,,,,,,,,,,24.8936,51.9415,12.868 ,36.333 ,10,10,,,,,,,,,,,,,,,,,,,,,,,,,,,,,,,,,,,,,,,,,,,,,,,,,,,,,,,,,,,,,,,,,,,,,,,,,,,,,,,,,,,,,,,,,,,,,,,,,,,,,,,,,,,,,,,,,,,,,,,,,,,,,,,,,,,,,,,,,,,,,,,,,,,,,,,,,,,,,,,,,,,,,,,,
,,,,,,,,,8,150,NH4NO3,May.1988-1999,12.6,Organic,,,,,,,118.7 ,152.3 ,37.631 ,57.553 ,10,10,,,,,,,,,,,,,2.000 ,1.600 ,0.190 ,0.158 ,10,10,,,,,,,,,,,,,,,,,,,,,,,,,23.4574,29.6809,18.923 ,11.354 ,10,10,,,,,,,,,,,,,,,,,,,,,,,,,,,,,,,,,,,,,,,,,,,,,,,,,,,,,,,,,,,,,,,,,,,,,,,,,,,,,,,,,,,,,,,,,,,,,,,,,,,,,,,,,,,,,,,,,,,,,,,,,,,,,,,,,,,,,,,,,,,,,,,,,,,,,,,,,,,,,,,,,,,,,,,,
,,,,,,,,,8,150,NH4NO3,May.1988-1999,12.6,Mineral 0 ?10,,,,,,,266.9 ,263.4 ,71.784 ,92.971 ,10,10,,,,,,,,,,,,,1.600 ,1.100 ,0.221 ,0.158 ,10,10,,,,,,,,,,,,,,,,,,,,,,,,,28.7234,40.4521,12.868 ,27.249 ,10,10,,,,,,,,,,,,,,,,,,,,,,,,,,,,,,,,,,,,,,,,,,,,,,,,,,,,,,,,,,,,,,,,,,,,,,,,,,,,,,,,,,,,,,,,,,,,,,,,,,,,,,,,,,,,,,,,,,,,,,,,,,,,,,,,,,,,,,,,,,,,,,,,,,,,,,,,,,,,,,,,,,,,,,,,
,,,,,,,,,8,150,NH4NO3,May.1988-1999,12.6,Mineral 10?20,,,,,,,207.3 ,198.4 ,66.724 ,96.133 ,10,10,,,,,,,,,,,,,1.400 ,0.800 ,0.253 ,0.253 ,10,10,,,,,,,,,,,,,,,,,,,,,,,,,27.766,51.9415,15.896 ,36.333 ,10,10,,,,,,,,,,,,,,,,,,,,,,,,,,,,,,,,,,,,,,,,,,,,,,,,,,,,,,,,,,,,,,,,,,,,,,,,,,,,,,,,,,,,,,,,,,,,,,,,,,,,,,,,,,,,,,,,,,,,,,,,,,,,,,,,,,,,,,,,,,,,,,,,,,,,,,,,,,,,,,,,,,,,,,,,
,,,mixed hardwood stand,,temperate climate,,1120,3.5 ,8,50,NH4NO3,May.1988-1999,12.6,Organic,,,,,,,269.1 ,359.5 ,147.362 ,156.533 ,10,10,,,,,,,,,,,,,1.400 ,1.200 ,0.316 ,0.253 ,10,10,,,,,,,,,,,,,,,,,,,,,,,,,33.5802,39.555,18.178 ,18.935 ,10,10,,,,,,,,,,,,,,,,,,,,,,,,,,,,,,,,,,,,,,,,,,,,,,,,,,,,,,,,,,,,,,,,,,,,,,,,,,,,,,,,,,,,,,,,,,,,,,,,,,,,,,,,,,,,,,,,,,,,,,,,,,,,,,,,,,,,,,,,,,,,,,,,,,,,,,,,,,,,,,,,,,,,,,,,
,,,,,,,,,8,50,NH4NO3,May.1988-1999,12.6,Mineral 0 ?10,,,,,,,282.0 ,292.9 ,155.900 ,86.330 ,10,10,,,,,,,,,,,,,0.900 ,0.800 ,0.126 ,0.095 ,10,10,,,,,,,,,,,,,,,,,,,,,,,,,50.4006,53.0262,25.753 ,28.766 ,10,10,,,,,,,,,,,,,,,,,,,,,,,,,,,,,,,,,,,,,,,,,,,,,,,,,,,,,,,,,,,,,,,,,,,,,,,,,,,,,,,,,,,,,,,,,,,,,,,,,,,,,,,,,,,,,,,,,,,,,,,,,,,,,,,,,,,,,,,,,,,,,,,,,,,,,,,,,,,,,,,,,,,,,,,,
,,,,,,,,,8,50,NH4NO3,May.1988-1999,12.6,Mineral 10?20,,,,,,,150.0 ,142.7 ,62.297 ,33.520 ,10,10,,,,,,,,,,,,,0.600 ,0.600 ,0.095 ,0.126 ,10,10,,,,,,,,,,,,,,,,,,,,,,,,,60.5212,71.7619,34.836 ,48.453 ,10,10,,,,,,,,,,,,,,,,,,,,,,,,,,,,,,,,,,,,,,,,,,,,,,,,,,,,,,,,,,,,,,,,,,,,,,,,,,,,,,,,,,,,,,,,,,,,,,,,,,,,,,,,,,,,,,,,,,,,,,,,,,,,,,,,,,,,,,,,,,,,,,,,,,,,,,,,,,,,,,,,,,,,,,,,
,,,,,,,,,8,150,NH4NO3,May.1988-1999,12.6,Organic,,,,,,,260.3 ,359.5 ,84.117 ,156.533 ,10,10,,,,,,,,,,,,,1.600 ,1.200 ,0.095 ,0.253 ,10,10,,,,,,,,,,,,,,,,,,,,,,,,,29.7602,39.555,18.178 ,18.935 ,10,10,,,,,,,,,,,,,,,,,,,,,,,,,,,,,,,,,,,,,,,,,,,,,,,,,,,,,,,,,,,,,,,,,,,,,,,,,,,,,,,,,,,,,,,,,,,,,,,,,,,,,,,,,,,,,,,,,,,,,,,,,,,,,,,,,,,,,,,,,,,,,,,,,,,,,,,,,,,,,,,,,,,,,,,,
,,,,,,,,,8,150,NH4NO3,May.1988-1999,12.6,Mineral 0 ?10,,,,,,,241.8 ,292.9 ,74.314 ,86.330 ,10,10,,,,,,,,,,,,,1.200 ,0.800 ,0.221 ,0.095 ,10,10,,,,,,,,,,,,,,,,,,,,,,,,,39.8799,53.0262,24.994 ,28.766 ,10,10,,,,,,,,,,,,,,,,,,,,,,,,,,,,,,,,,,,,,,,,,,,,,,,,,,,,,,,,,,,,,,,,,,,,,,,,,,,,,,,,,,,,,,,,,,,,,,,,,,,,,,,,,,,,,,,,,,,,,,,,,,,,,,,,,,,,,,,,,,,,,,,,,,,,,,,,,,,,,,,,,,,,,,,,
,,,,,,,,,8,150,NH4NO3,May.1988-1999,12.6,Mineral 10?20,,,,,,,150.6 ,142.7 ,57.870 ,33.520 ,10,10,,,,,,,,,,,,,0.900 ,0.600 ,0.158 ,0.126 ,10,10,,,,,,,,,,,,,,,,,,,,,,,,,47.6073,71.7619,28.784 ,48.453 ,10,10,,,,,,,,,,,,,,,,,,,,,,,,,,,,,,,,,,,,,,,,,,,,,,,,,,,,,,,,,,,,,,,,,,,,,,,,,,,,,,,,,,,,,,,,,,,,,,,,,,,,,,,,,,,,,,,,,,,,,,,,,,,,,,,,,,,,,,,,,,,,,,,,,,,,,,,,,,,,,,,,,,,,,,,,
25,"Maier and Kress,2000","north of Laurinburg (34ø48'N,79ø12'W)",loblolly pine plantation,11,subtropical climate,,1210,17.0 ,,?,urea,March.1992-April.1995,3.1,,463.200 ,321.700 ,78.411 ,25.221 ,4,4,63.500 ,82.200 ,3.000 ,4.400 ,4,4,,,,,,,,,,,,,,,,,,,,,,,,,,,,,,,,,,,,,,,,,,,,,,,,,,,,,,,,,,,,,,,,,,,,,,,,,,,,,,,,,,,,,,,,,,,,,,,,,,,,,,,,,,,,,,,,,,,,,,,,,,,,,,,,,,,,,,,,,,,,,,,,,,,,,,,,,,,,,,,,,,,,,,,,,,,,,,,,,,,,,,,,,,,,,,,,,,,,,,,,,,,,,,,,,,,,,,,,
26,"Majdi H, 2007","Skogaby(56ø33'N, 13ø13'E) in southwest Sweden",Norway spruce forest,25,temperate climate,Haplic podzol,1150,,13,100,(NH4)2SO4,1988-1989,1.3,,,,,,,,,,,,,,,,,,,,,,,,,,12.200 ,7.300 ,0.520 ,1.039 ,3 ,3 ,52.83,52.47,0.52,0.19,3,3,,,,,,,,,,,,,,,,,,,43.3,72.5,1.212 ,10.046 ,3,3,,,,,,,,,,,,,,,,,,,,,,,,,,,,,,,,,,,,,,,,,,,,,,,,,,,,,,,,,,,,,,,,,,,,,,,,,,,,,,,,,,,,,,,,,,,,,,,,,,,,,,,,,,,,,,,,,,,,,,,,,,,,,,,,,,,,,,,,,,,,,,,,,,,,,,,,,,,,,,,,,,,,,,,,
,,,,,,,,,13,100,(NH4)2SO4,1988-1991,2.3,,,,,,,,,,,,,,,,,,,,,,,,,,13.600 ,9.600 ,4.157 ,3.984 ,3 ,3 ,52.00,51.40,2.34,3.67,3,3,,,,,,,,,,,,,,,,,,,38.8,54.8,9.353 ,18.187 ,3,3,,,,,,,,,,,,,,,,,,,,,,,,,,,,,,,,,,,,,,,,,,,,,,,,,,,,,,,,,,,,,,,,,,,,,,,,,,,,,,,,,,,,,,,,,,,,,,,,,,,,,,,,,,,,,,,,,,,,,,,,,,,,,,,,,,,,,,,,,,,,,,,,,,,,,,,,,,,,,,,,,,,,,,,,
,,,,,,,,,13,100,(NH4)2SO4,1988-1992,3.1,,,,,,,,,,,,,,,,,,,,,,,,,,13.700 ,8.000 ,1.386 ,1.212 ,3 ,3 ,52.80,52.53,0.45,0.26,3,3,,,,,,,,,,,,,,,,,,,38.5,66.3,3.984 ,10.566 ,3,3,,,,,,,,,,,,,,,,,,,,,,,,,,,,,,,,,,,,,,,,,,,,,,,,,,,,,,,,,,,,,,,,,,,,,,,,,,,,,,,,,,,,,,,,,,,,,,,,,,,,,,,,,,,,,,,,,,,,,,,,,,,,,,,,,,,,,,,,,,,,,,,,,,,,,,,,,,,,,,,,,,,,,,,,
,,,,,,,,,13,100,(NH4)2SO4,1988-1994,5.1,,,,,,,,,,,,,,,,,,,,,,,,,,15.000 ,8.900 ,0.520 ,1.212 ,3 ,3 ,52.90,52.17,0.17,0.26,3,3,,,,,,,,,,,,,,,,,,,35.1,58.6,1.212 ,7.794 ,3,3,,,,,,,,,,,,,,,,,,,,,,,,,,,,,,,,,,,,,,,,,,,,,,,,,,,,,,,,,,,,,,,,,,,,,,,,,,,,,,,,,,,,,,,,,,,,,,,,,,,,,,,,,,,,,,,,,,,,,,,,,,,,,,,,,,,,,,,,,,,,,,,,,,,,,,,,,,,,,,,,,,,,,,,,
27,"Mei et al,2010","Maoershan Experimental Station(127ø30?-127ø34?E, 45ø21?-45ø25 ?N) of Northeast Forestry University",Larix gmelinii,16,temperate climate,Hap-Boric Luvisol,723,2.8,,100,NH4NO3,May.2003-Sep.2005,1.3,,,,,,,,,,,,,,,,,,,,,,,,,,,,,,,,,,,,,,,,,,,,,,,,,,,,,,,,,,,,,,54.36,52.12,4.157,3.585,3,3,0.69,0.64,0.173,0.052,3,3,,,,,,,,,,,,,,,,,,,,,,,,,,,,,,,,,,,,,,,,,,,,,,,,,,,,,,,,,,,,,,,,,,,,,,,,,,,,,,,,,,,,,,,,,,,,,,,,,,,,,,,,,,,,,,,,,,,,,,,,,,,,,,,,,,,,,,,,,,,,,,,,,,,,,,,,,,,,
,,,,,,,,,,,,,,,,,,,,,,,,,,,,,,,,,,,,,,,,,,,,,,,,,,,,,,,,,,,,,,,,,,,,,,,,,,,151.04,165.18,6.426,22.482,3,3,1.90,2.03,0.364,0.242,3,3,,,,,,,,,,,,,,,,,,,,,,,,,,,,,,,,,,,,,,,,,,,,,,,,,,,,,,,,,,,,,,,,,,,,,,,,,,,,,,,,,,,,,,,,,,,,,,,,,,,,,,,,,,,,,,,,,,,,,,,,,,,,,,,,,,,,,,,,,,,,,,,,,,,,,,,,,,,,
,,,,,,,,,,,,,,,,,,,,,,,,,,,,,,,,,,,,,,,,,,,,,,,,,,,,,,,,,,,,,,,,,,,,,,,,,,,134.09,157.80,13.804,19.953,3,3,1.69,1.94,0.398,0.225,3,3,,,,,,,,,,,,,,,,,,,,,,,,,,,,,,,,,,,,,,,,,,,,,,,,,,,,,,,,,,,,,,,,,,,,,,,,,,,,,,,,,,,,,,,,,,,,,,,,,,,,,,,,,,,,,,,,,,,,,,,,,,,,,,,,,,,,,,,,,,,,,,,,,,,,,,,,,,,,
,,,,,,,,,,,,,,,,,,,,,,,,,,,,,,,,,,,,,,,,,,,,,,,,,,,,,,,,,,,,,,,,,,,,,,,,,,,6.13,20.14,0.727,15.138,3,3,0.08,0.23,0.017,0.173,3,3,,,,,,,,,,,,,,,,,,,,,,,,,,,,,,,,,,,,,,,,,,,,,,,,,,,,,,,,,,,,,,,,,,,,,,,,,,,,,,,,,,,,,,,,,,,,,,,,,,,,,,,,,,,,,,,,,,,,,,,,,,,,,,,,,,,,,,,,,,,,,,,,,,,,,,,,,,,,
,,,Fraxinus mandshurica,16,temperate climate,,723,2.8,,100,NH4NO3,May.2003-Sep.2005,1.3,,,,,,,,,,,,,,,,,,,,,,,,,,,,,,,,,,,,,,,,,,,,,,,,,,,,,,,,,,,,,,98.33,79.92,16.593,6.149,3,3,0.98,0.63,0.277,0.104,3,3,,,,,,,,,,,,,,,,,,,,,,,,,,,,,,,,,,,,,,,,,,,,,,,,,,,,,,,,,,,,,,,,,,,,,,,,,,,,,,,,,,,,,,,,,,,,,,,,,,,,,,,,,,,,,,,,,,,,,,,,,,,,,,,,,,,,,,,,,,,,,,,,,,,,,,,,,,,,
,,,,,,,,,,,,,,,,,,,,,,,,,,,,,,,,,,,,,,,,,,,,,,,,,,,,,,,,,,,,,,,,,,,,,,,,,,,195.40,206.34,45.155,24.422,3,3,1.90,1.63,0.191,0.364,3,3,,,,,,,,,,,,,,,,,,,,,,,,,,,,,,,,,,,,,,,,,,,,,,,,,,,,,,,,,,,,,,,,,,,,,,,,,,,,,,,,,,,,,,,,,,,,,,,,,,,,,,,,,,,,,,,,,,,,,,,,,,,,,,,,,,,,,,,,,,,,,,,,,,,,,,,,,,,,
,,,,,,,,,,,,,,,,,,,,,,,,,,,,,,,,,,,,,,,,,,,,,,,,,,,,,,,,,,,,,,,,,,,,,,,,,,,265.29,240.84,22.569,35.057,3,3,2.62,1.95,0.121,0.537,3,3,,,,,,,,,,,,,,,,,,,,,,,,,,,,,,,,,,,,,,,,,,,,,,,,,,,,,,,,,,,,,,,,,,,,,,,,,,,,,,,,,,,,,,,,,,,,,,,,,,,,,,,,,,,,,,,,,,,,,,,,,,,,,,,,,,,,,,,,,,,,,,,,,,,,,,,,,,,,
,,,,,,,,,,,,,,,,,,,,,,,,,,,,,,,,,,,,,,,,,,,,,,,,,,,,,,,,,,,,,,,,,,,,,,,,,,,70.79,154.63,12.263,34.849,3,3,0.71,1.08,0.225,0.225,3,3,,,,,,,,,,,,,,,,,,,,,,,,,,,,,,,,,,,,,,,,,,,,,,,,,,,,,,,,,,,,,,,,,,,,,,,,,,,,,,,,,,,,,,,,,,,,,,,,,,,,,,,,,,,,,,,,,,,,,,,,,,,,,,,,,,,,,,,,,,,,,,,,,,,,,,,,,,,,
28,"Mikan et al, 2000","University of Michigan Biological Station in northern Lower Michigan(45ø34'N, 84ø40'W)",Populus tremuloides,,temperate climate,,,,210 ug N g-1,910 ug N g-1,(NH4)2SO4,1994?1995,2,,,,,,,,135.000 ,67.000 ,82.024 ,16.971 ,8,8,373,235,56.569 ,28.284 ,8,8,,,,,,,1.120 ,0.830 ,0.339 ,0.170 ,8,8,,,,,,,,,,,,,,,,,,,,,,,,,,,,,,,,,,,,,,,,,,,,,,,,,,,,,,,,,,,,,,,,,,,,,,,,,,,,,,,,,,,,,,,,,,,,,,,,,,,,,,,,,,,,,,,,,,,,,,,,,,,,,,,,,,,,,,,,,,,,,,,,,,,,,,,,,,,,,,,,,,,,,,,,,,,,,,,,,,,,,,,,,,,,,,,,,,,,,,
29,"Mo et al, 2008"," middle Guangdong Province in southern China(112ø10'E, 23ø10'N)",tropical forest,78,tropical climate,,1927,21.0 ,33,50,NH4NO3,Oct.2005-Sep.2006,0.9,,,,,,,,90.555 ,124.929 ,17.241 ,41.796 ,3,3 ,,,,,,,,,,,,,,,,,,,,,,,,,,,,,,,,,,,,,,,,,,,,,,,,,,,,,,,,,,,,,,,,,,,,,,,,,,,,,,,,,,,,,,,,,,,,,,,,,,,,,,,,,,,,,,,,,,,,,,,,,,,,,,,,,,,,,,,,,,,,,,,,,,,,,,,,,,,,,,,,,,,,,,,,,,,,,,,,,,,,,,,,,,,,,,,,,,,,,,,,,,,,,,,,,,,,,,,,
,,,,,,,1927,21.0 ,33,100,NH4NO3,Oct.2005-Sep.2006,0.9,,,,,,,,74.512 ,124.929 ,12.911 ,41.796 ,3,3 ,,,,,,,,,,,,,,,,,,,,,,,,,,,,,,,,,,,,,,,,,,,,,,,,,,,,,,,,,,,,,,,,,,,,,,,,,,,,,,,,,,,,,,,,,,,,,,,,,,,,,,,,,,,,,,,,,,,,,,,,,,,,,,,,,,,,,,,,,,,,,,,,,,,,,,,,,,,,,,,,,,,,,,,,,,,,,,,,,,,,,,,,,,,,,,,,,,,,,,,,,,,,,,,,,,,,,,,,
,,,,,,,1927,21.0 ,33,150,NH4NO3,Oct.2005-Sep.2006,0.9,,,,,,,,48.459 ,124.929 ,11.471 ,41.796 ,3,3 ,,,,,,,,,,,,,,,,,,,,,,,,,,,,,,,,,,,,,,,,,,,,,,,,,,,,,,,,,,,,,,,,,,,,,,,,,,,,,,,,,,,,,,,,,,,,,,,,,,,,,,,,,,,,,,,,,,,,,,,,,,,,,,,,,,,,,,,,,,,,,,,,,,,,,,,,,,,,,,,,,,,,,,,,,,,,,,,,,,,,,,,,,,,,,,,,,,,,,,,,,,,,,,,,,,,,,,,,
30,"Mo et al, 2008"," middle Guangdong Province in southern China(112ø10'E, 23ø10'N)",subtropical/tropical moist forest,mature,tropical climate,,1927,21.0 ,33,50,NH4NO3,July.2003-September.2005,2.2,,,,,,,,90.000 ,123.333 ,17.321 ,41.858 ,3,3,,,,,,,,,,,,,,,,,,,,,,,,,,,,,,,,,,,,,,,,,,,,,,,,,,,,,,,,,,,,,,,,,,,,,,,,,,,,,,,,,,,,,,,,,,,,,,,,,,,,,,,,,,,,,,,,,,,,,,,,,,,,,,,,,,,,,,,,,,,,,,,,,,,,,,,,,,,,,,,,,,,,,,,,,,,,,,,,,,,,,,,,,,,,,,,,,,,,,,,,,,,,,,,,,,,,,,,,
,,,,,,,,,33,100,NH4NO3,July.2003-September.2005,2.2,,,,,,,,74.167 ,123.333 ,14.434 ,41.858 ,3,3,,,,,,,,,,,,,,,,,,,,,,,,,,,,,,,,,,,,,,,,,,,,,,,,,,,,,,,,,,,,,,,,,,,,,,,,,,,,,,,,,,,,,,,,,,,,,,,,,,,,,,,,,,,,,,,,,,,,,,,,,,,,,,,,,,,,,,,,,,,,,,,,,,,,,,,,,,,,,,,,,,,,,,,,,,,,,,,,,,,,,,,,,,,,,,,,,,,,,,,,,,,,,,,,,,,,,,,,
,,,,,,,,,33,150,NH4NO3,July.2003-September.2005,2.2,,,,,,,,48.333 ,123.333 ,12.990 ,41.858 ,3,3,,,,,,,,,,,,,,,,,,,,,,,,,,,,,,,,,,,,,,,,,,,,,,,,,,,,,,,,,,,,,,,,,,,,,,,,,,,,,,,,,,,,,,,,,,,,,,,,,,,,,,,,,,,,,,,,,,,,,,,,,,,,,,,,,,,,,,,,,,,,,,,,,,,,,,,,,,,,,,,,,,,,,,,,,,,,,,,,,,,,,,,,,,,,,,,,,,,,,,,,,,,,,,,,,,,,,,,,
31,"Noguchi et al, 2013","eastern Japan (140ø13'E, 36ø10'N)",sugi forest,28,subtropical climate,Andosol,1188,14.4 ,,336,NH4NO3,Oct.2003-November.2006,3,0-10,,,,,,,58.3 ,46.3 ,23.624 ,20.101 ,5,5,,,,,,,,,,,,,27.2,2.43 ,1.746 ,1.746 ,5,5,,,,,,,,,,,,,936.000 ,581 ,420.672 ,326.841 ,5,5,21.5 ,18.2 ,0.949 ,2.202 ,5,5,,,,,,,,,,,,,,,,,,,1.82,1.95,0.225,0.228,5,5,,,,,,,0.58,0.59,0.070710678,0.070710678,5,5,,,,,,,,,,,,,,,,,,,,,,,,,,,,,,,,,,,,,,,,,,,,,,,,,,,,,,,,,,,,,,,,,,,,,,,,,,,,,,,,,,,,,,,,,,,,,,,,,,,,,,,,,,,,,,,,,,,,,,,,,,,,,,,,,,,,,,,,,,
,,,,,,,,,,,,,,10-20,,,,,,,30.2 ,9.7 ,23.300 ,12.619 ,5,5,,,,,,,,,,,,,,,,,,,,,,,,,,,,,,,338.000 ,131 ,226.815 ,170.176 ,5,5,23.1 ,23.0 ,6.801 ,4.696 ,5,5,,,,,,,,,,,,,,,,,,,1.77,1.87,0.225,0.067,5,5,,,,,,,0.44,0.4,0.158113883,0.02236068,5,5,,,,,,,,,,,,,,,,,,,,,,,,,,,,,,,,,,,,,,,,,,,,,,,,,,,,,,,,,,,,,,,,,,,,,,,,,,,,,,,,,,,,,,,,,,,,,,,,,,,,,,,,,,,,,,,,,,,,,,,,,,,,,,,,,,,,,,,,,,
32,"Noguchi et al, 2013","eastern Japan (140ø13'E, 36ø10'N)",sugi forest,28,subtropical climate,Andosol,1188,14.4 ,,336,NH4NO3,Oct.2003-February.2005,1.3,,,,,,,,,,,,,,,,,,,,,,,,,,,,,,,,,,,,,,,,,,,,56(mm/cm2),27.0 ,49.0 ,17.1 ,6,6,,,,,,,,,,,,,,,,,,,,,,,,,0.50,0.47,0.048989795,0.048989795,6,6,,,,,,,,,,,,,,,,,,,,,,,,,,,,,,,,,,,,,,,,,,,,,,,,,,,,,,,,,,,,,,,,,,,,,,,,,,,,,,,,,,,,,,,,,,,,,,,,,,,,,,,,,,,,,,,,,,,,,,,,,,,,,,,,,,,,,,,,,,,,,,,,,,,,,,
,,,,,,,,,,,,Oct.2003-January.2006,2.2,,,,,,,,,,,,,,,,,,,,,,,,,,,,,,,,,,,,,,,,,,,,182.0 ,49.0 ,124.9 ,24.5 ,6,6,,,,,,,,,,,,,,,,,,,,,,,,,0.46,0.45,0.048989795,0.048989795,6,6,,,,,,,,,,,,,,,,,,,,,,,,,,,,,,,,,,,,,,,,,,,,,,,,,,,,,,,,,,,,,,,,,,,,,,,,,,,,,,,,,,,,,,,,,,,,,,,,,,,,,,,,,,,,,,,,,,,,,,,,,,,,,,,,,,,,,,,,,,,,,,,,,,,,,,
,,,,,,,,,,,,Oct.2003-February.2007,3.3,,,,,,,,,,,,,,,,,,,,,,,,,,,,,,,,,,,,,,,,,,,,246.0 ,69.0 ,173.9 ,51.4 ,6,6,,,,,,,,,,,,,,,,,,,,,,,,,0.46,0.46,0.048989795,0.024494897,6,6,,,,,,,,,,,,,,,,,,,,,,,,,,,,,,,,,,,,,,,,,,,,,,,,,,,,,,,,,,,,,,,,,,,,,,,,,,,,,,,,,,,,,,,,,,,,,,,,,,,,,,,,,,,,,,,,,,,,,,,,,,,,,,,,,,,,,,,,,,,,,,,,,,,,,,
33,"Ochoa-Hueso et al,2013","central Spain( 40ø00'N,3ø36'W)",shrubland- interspace,,subtropical climate,,425,,6.1,10,NH4NO3,Oct.2007-March.2009,1.4,,,,,,,,,,,,,,,,,,,,,,,,,,,,,,,,,,,,,,0.083 ,0.092 ,0.019 ,0.019 ,4 ,4 ,,,,,,,,,,,,,,,,,,,,,,,,,,,,,,,,,,,,,41.8605,49.0698,15.8138,6.0464,4,4,,,,,,,,,,,,,,,,,,,,,,,,,,,,,,,,,,,,,,,,,,,,,,,,,,,,,,,,,,,,,,,,,,,,,,,,,,,,,,,,,,,,,,,,,,,,,,,,,,,,,,,,,,,,,,,,,,,,,,,,,,,,,,,,,,,,,,,,,,,,,,,,
,,,,,,,,,6.1,20,NH4NO3,Oct.2007-March.2009,1.4,,,,,,,,,,,,,,,,,,,,,,,,,,,,,,,,,,,,,,0.089 ,0.092 ,0.021 ,0.019 ,4 ,4 ,,,,,,,,,,,,,,,,,,,,,,,,,,,,,,,,,,,,,37.4419,49.0698,9.7674,6.0464,4,4,,,,,,,,,,,,,,,,,,,,,,,,,,,,,,,,,,,,,,,,,,,,,,,,,,,,,,,,,,,,,,,,,,,,,,,,,,,,,,,,,,,,,,,,,,,,,,,,,,,,,,,,,,,,,,,,,,,,,,,,,,,,,,,,,,,,,,,,,,,,,,,,
,,,,,,,,,6.1,50,NH4NO3,Oct.2007-March.2009,1.4,,,,,,,,,,,,,,,,,,,,,,,,,,,,,,,,,,,,,,0.076 ,0.092 ,0.021 ,0.019 ,4 ,4 ,,,,,,,,,,,,,,,,,,,,,,,,,,,,,,,,,,,,,40.6977,49.0698,12.558,6.0464,4,4,,,,,,,,,,,,,,,,,,,,,,,,,,,,,,,,,,,,,,,,,,,,,,,,,,,,,,,,,,,,,,,,,,,,,,,,,,,,,,,,,,,,,,,,,,,,,,,,,,,,,,,,,,,,,,,,,,,,,,,,,,,,,,,,,,,,,,,,,,,,,,,,
,,,shrubland- shrub,,subtropical climate,,,,6.1,10,NH4NO3,Oct.2007-March.2009,1.4,,,,,,,,,,,,,,,,,,,,,,,,,,,,,,,,,,,,,,0.112 ,0.136 ,0.017 ,0.021 ,4 ,4 ,,,,,,,,,,,,,,,,,,,,,,,,,,,,,,,,,,,,,50.2326,36.9767,5.5814,5.5814,4,4,,,,,,,,,,,,,,,,,,,,,,,,,,,,,,,,,,,,,,,,,,,,,,,,,,,,,,,,,,,,,,,,,,,,,,,,,,,,,,,,,,,,,,,,,,,,,,,,,,,,,,,,,,,,,,,,,,,,,,,,,,,,,,,,,,,,,,,,,,,,,,,,
,,,,,,,,,6.1,20,NH4NO3,Oct.2007-March.2009,1.4,,,,,,,,,,,,,,,,,,,,,,,,,,,,,,,,,,,,,,0.117 ,0.136 ,0.019 ,0.021 ,4 ,4 ,,,,,,,,,,,,,,,,,,,,,,,,,,,,,,,,,,,,,45.3488,36.9767,6.0466,5.5814,4,4,,,,,,,,,,,,,,,,,,,,,,,,,,,,,,,,,,,,,,,,,,,,,,,,,,,,,,,,,,,,,,,,,,,,,,,,,,,,,,,,,,,,,,,,,,,,,,,,,,,,,,,,,,,,,,,,,,,,,,,,,,,,,,,,,,,,,,,,,,,,,,,,
,,,,,,,,,6.1,50,NH4NO3,Oct.2007-March.2009,1.4,,,,,,,,,,,,,,,,,,,,,,,,,,,,,,,,,,,,,,0.100 ,0.136 ,0.021 ,0.021 ,4 ,4 ,,,,,,,,,,,,,,,,,,,,,,,,,,,,,,,,,,,,,48.3721,36.9767,6.9768,5.5814,4,4,,,,,,,,,,,,,,,,,,,,,,,,,,,,,,,,,,,,,,,,,,,,,,,,,,,,,,,,,,,,,,,,,,,,,,,,,,,,,,,,,,,,,,,,,,,,,,,,,,,,,,,,,,,,,,,,,,,,,,,,,,,,,,,,,,,,,,,,,,,,,,,,
34,"Palatova E, 2002",Czech,pine stand,12,temperate climate,,,,5~10,100,(NH4)2SO4,1994-1996,2,,,,,,,,86.471 ,104.611 ,11.962 ,21.042 ,8 ,8 ,,,,,,,,,,,,,,,,,,,,,,,,,,,,,,,2516.316 ,2458.369 ,969.581 ,684.575 ,8,8,29.1 ,23.5 ,10.465 ,4.525 ,8,8,,,,,,,,,,,,,,,,,,,,,,,,,17.97,20.03,1.753624817,1.414213562,8,8,,,,,,,,,,,,,,,,,,,,,,,,,,,,,,,,,,,,,,,,,,,,,,,,,,,,,,,,,,,,,,,,,,,,,,,,,,,,,,,,,,,,,,,,,,,,,,,,,,,,,,,,,,,,,,,,,,,,,,,,,,,,,,,,,,,,,,,,,,,,,,,,
,,,,,,,,,,100,(NH4)2SO4,1994-1997,3,,,,,,,,95.541 ,109.860 ,7.494 ,26.663 ,8 ,8 ,,,,,,,,,,,,,,,,,,,,,,,,,,,,,,,2063.694 ,2361.987 ,512.647 ,701.280 ,8,8,21.6 ,21.5 ,5.091 ,3.677 ,8,8,,,,,,,,,,,,,,,,,,,,,,,,,17.12,18.36,1.612203461,1.612203461,8,8,,,,,,,,,,,,,,,,,,,,,,,,,,,,,,,,,,,,,,,,,,,,,,,,,,,,,,,,,,,,,,,,,,,,,,,,,,,,,,,,,,,,,,,,,,,,,,,,,,,,,,,,,,,,,,,,,,,,,,,,,,,,,,,,,,,,,,,,,,,,,,,,
,,,,,,,,,,100,(NH4)2SO4,1994-1995,1,,,,,,,,48.968 ,77.962 ,12.539 ,17.007 ,8 ,8 ,,,,,,,,,,,,,,,,,,,,,,,,,,,,,,,1224.204 ,2175.134 ,520.490 ,662.999 ,8,8,25.0 ,27.9 ,8.485 ,5.940 ,8,8,,,,,,,,,,,,,,,,,,,,,,,,,18.66,23.07,1.499066376,1.385929291,8,8,,,,,,,,,,,,,,,,,,,,,,,,,,,,,,,,,,,,,,,,,,,,,,,,,,,,,,,,,,,,,,,,,,,,,,,,,,,,,,,,,,,,,,,,,,,,,,,,,,,,,,,,,,,,,,,,,,,,,,,,,,,,,,,,,,,,,,,,,,,,,,,,
,,,,,,,,,,100,(NH4)2SO4,1994-1996,2,,,,,,,,65.987 ,116.127 ,5.333 ,36.175 ,8 ,8 ,,,,,,,,,,,,,,,,,,,,,,,,,,,,,,,1603.490 ,3867.042 ,212.149 ,1278.067 ,8,8,24.3 ,33.3 ,2.546 ,3.677 ,8,8,,,,,,,,,,,,,,,,,,,,,,,,,17.29,25.58,1.499066376,0.933380951,8,8,,,,,,,,,,,,,,,,,,,,,,,,,,,,,,,,,,,,,,,,,,,,,,,,,,,,,,,,,,,,,,,,,,,,,,,,,,,,,,,,,,,,,,,,,,,,,,,,,,,,,,,,,,,,,,,,,,,,,,,,,,,,,,,,,,,,,,,,,,,,,,,,
,,,,,,,,,,100,(NH4)2SO4,1994-1997,3,,,,,,,,131.261 ,164.280 ,47.849 ,42.516 ,8 ,8 ,,,,,,,,,,,,,,,,,,,,,,,,,,,,,,,3032.132 ,4698.415 ,1291.629 ,1319.026 ,8,8,23.1 ,28.6 ,5.091 ,3.111 ,8,8,,,,,,,,,,,,,,,,,,,,,,,,,22.37,27.44,1.612203461,1.668772004,8,8,,,,,,,,,,,,,,,,,,,,,,,,,,,,,,,,,,,,,,,,,,,,,,,,,,,,,,,,,,,,,,,,,,,,,,,,,,,,,,,,,,,,,,,,,,,,,,,,,,,,,,,,,,,,,,,,,,,,,,,,,,,,,,,,,,,,,,,,,,,,,,,,
35,"Persson, H. and K. Ahlstrom,1990",Hcksvik ,Scots  pine,99,temperate climate,,,,,150,NH4NO3,1983-October.1985,2,,107 ,61 ,132.936 ,104.652 ,8,8,83 ,52 ,104.652 ,87.681 ,8,8,,,,,,,,,,,,,,,,,,,,,,,,,,,,,,,1620 ,1040 ,2234.457 ,1781.909 ,8,8,19 ,20 ,8.485 ,8.485 ,8,8,,,,,,,,,,,,,,,,,,,,,,,,,,,,,,,,,,,,,,,,,,,,,,,,,,,,,,,,,,,,,,,,,,,,,,,,,,,,,,,,,,,,,,,,,,,,,,,,,,,,,,,,,,,,,,,,,,,,,,,,,,,,,,,,,,,,,,,,,,,,,,,,,,,,,,,,,,,,,,,,,,,,,,,,,,,,,,
,,,Scots  pine,99,temperate climate,,,,,225,NH4NO3,1983-October.1985,2,,154 ,61 ,212.132 ,104.652 ,8,8,116 ,52 ,132.936 ,87.681 ,8,8,,,,,,,,,,,,,,,,,,,,,,,,,,,,,,,2340 ,1040 ,2602.153 ,1781.909 ,8,8,20 ,20 ,5.657 ,8.485 ,8,8,,,,,,,,,,,,,,,,,,,,,,,,,,,,,,,,,,,,,,,,,,,,,,,,,,,,,,,,,,,,,,,,,,,,,,,,,,,,,,,,,,,,,,,,,,,,,,,,,,,,,,,,,,,,,,,,,,,,,,,,,,,,,,,,,,,,,,,,,,,,,,,,,,,,,,,,,,,,,,,,,,,,,,,,,,,,,,
,,Nissafors ,Norway  spruce,42,temperate climate,,,,,150,NH4NO3,1984-October.1985,1,,140 ,134 ,214.960 ,234.759 ,8,8,113 ,114 ,152.735 ,189.505 ,8,8,,,,,,,,,,,,,,,,,,,,,,,,,,,,,,,2600 ,2710 ,3535.534 ,5119.453 ,8,8,23 ,23 ,8.485 ,11.314 ,8,8,,,,,,,,,,,,,,,,,,,,,,,,,,,,,,,,,,,,,,,,,,,,,,,,,,,,,,,,,,,,,,,,,,,,,,,,,,,,,,,,,,,,,,,,,,,,,,,,,,,,,,,,,,,,,,,,,,,,,,,,,,,,,,,,,,,,,,,,,,,,,,,,,,,,,,,,,,,,,,,,,,,,,,,,,,,,,,
,,Tormoserd ,Norway  spruce ,84,temperate climate,,,,,150,NH4NO3,1982-October.1985,3,,206 ,299 ,294.156 ,472.347 ,8,8,143.000 ,165.000 ,212.132 ,350.725 ,8,8,,,,,,,,,,,,,,,,,,,,,,,,,,,,,,,2570.000 ,2660.000 ,4101.219 ,6081.118 ,8,8,18 ,17 ,8.485 ,11.314 ,8,8,,,,,,,,,,,,,,,,,,,,,,,,,,,,,,,,,,,,,,,,,,,,,,,,,,,,,,,,,,,,,,,,,,,,,,,,,,,,,,,,,,,,,,,,,,,,,,,,,,,,,,,,,,,,,,,,,,,,,,,,,,,,,,,,,,,,,,,,,,,,,,,,,,,,,,,,,,,,,,,,,,,,,,,,,,,,,,
,,,Norway  spruce ,84,temperate climate,,,,,225,NH4NO3,1982-October.1985,3,,205 ,299 ,359.210 ,472.347 ,8,8,140.000 ,165.000 ,263.044 ,350.725 ,8,8,,,,,,,,,,,,,,,,,,,,,,,,,,,,,,,2210.000 ,2660.000 ,3790.092 ,6081.118 ,8,8,16 ,17 ,5.657 ,11.314 ,8,8,,,,,,,,,,,,,,,,,,,,,,,,,,,,,,,,,,,,,,,,,,,,,,,,,,,,,,,,,,,,,,,,,,,,,,,,,,,,,,,,,,,,,,,,,,,,,,,,,,,,,,,,,,,,,,,,,,,,,,,,,,,,,,,,,,,,,,,,,,,,,,,,,,,,,,,,,,,,,,,,,,,,,,,,,,,,,,
,,Vrnamo ,Norway  spruce,46,temperate climate,,,,,150,NH4NO3,1983-October.1985,2,,161.000 ,79.000 ,217.789 ,141.421 ,8,8,131.000 ,68.000 ,172.534 ,135.765 ,8,8,,,,,,,,,,,,,,,,,,,,,,,,,,,,,,,2770.000 ,1170.000 ,3705.240 ,2404.163 ,8,8,22 ,17 ,8.485 ,5.657 ,8,8,,,,,,,,,,,,,,,,,,,,,,,,,,,,,,,,,,,,,,,,,,,,,,,,,,,,,,,,,,,,,,,,,,,,,,,,,,,,,,,,,,,,,,,,,,,,,,,,,,,,,,,,,,,,,,,,,,,,,,,,,,,,,,,,,,,,,,,,,,,,,,,,,,,,,,,,,,,,,,,,,,,,,,,,,,,,,,
,,,Norway  spruce,46,temperate climate,,,,,150,urea,1983-October.1985,2,,174.000 ,79.000 ,197.990 ,141.421 ,8,8,152.000 ,68.000 ,172.534 ,135.765 ,8,8,,,,,,,,,,,,,,,,,,,,,,,,,,,,,,,3590.000 ,1170.000 ,4525.483 ,2404.163 ,8,8,24 ,17 ,8.485 ,5.657 ,8,8,,,,,,,,,,,,,,,,,,,,,,,,,,,,,,,,,,,,,,,,,,,,,,,,,,,,,,,,,,,,,,,,,,,,,,,,,,,,,,,,,,,,,,,,,,,,,,,,,,,,,,,,,,,,,,,,,,,,,,,,,,,,,,,,,,,,,,,,,,,,,,,,,,,,,,,,,,,,,,,,,,,,,,,,,,,,,,
,,Vr,Scots  pine,74,temperate climate,,,,,150,NH4NO3,1978-October.1985,7,,48.000 ,103.000 ,96.167 ,124.451 ,8,8,46.000 ,90.000 ,90.510 ,101.823 ,8,8,,,,,,,,,,,,,,,,,,,,,,,,,,,,,,,1190.000 ,2560.000 ,2687.006 ,2800.143 ,8,8,25 ,29 ,14.142 ,14.142 ,8,8,,,,,,,,,,,,,,,,,,,,,,,,,,,,,,,,,,,,,,,,,,,,,,,,,,,,,,,,,,,,,,,,,,,,,,,,,,,,,,,,,,,,,,,,,,,,,,,,,,,,,,,,,,,,,,,,,,,,,,,,,,,,,,,,,,,,,,,,,,,,,,,,,,,,,,,,,,,,,,,,,,,,,,,,,,,,,,
,,,Scots  pine,74,temperate climate,,,,,150,urea,1978-October.1985,7,,62.000 ,103.000 ,115.966 ,124.451 ,8,8,62.000 ,90.000 ,104.652 ,101.823 ,8,8,,,,,,,,,,,,,,,,,,,,,,,,,,,,,,,1790.000 ,2560.000 ,3280.975 ,2800.143 ,8,8,28 ,29 ,8.485 ,14.142 ,8,8,,,,,,,,,,,,,,,,,,,,,,,,,,,,,,,,,,,,,,,,,,,,,,,,,,,,,,,,,,,,,,,,,,,,,,,,,,,,,,,,,,,,,,,,,,,,,,,,,,,,,,,,,,,,,,,,,,,,,,,,,,,,,,,,,,,,,,,,,,,,,,,,,,,,,,,,,,,,,,,,,,,,,,,,,,,,,,
36,"Pregitzer et al, 1995","University of Michigan Biological Station near Pellston, Michigan (45ø34'N, 84ø40'W)",Populus trees,,temperate climate,,,,45 ug N g-1 d-1,348 ug N g-1 d-1,NH4NO3,,0.3,,,,,,,,,,,,,,,,,,,,,,,,,,0.0273?%?,0.0147?%?,0.001 ,0.001 ,5 ,5 ,0.8991?%?,0.8911 (%),0.010744766,0.010431683,5,5,1.600 ,1.700 ,0.130 ,0.130 ,5,5,,,,,,,,,,,,,,,,,,,,,,,,,,,,,,,,,,,,,,,,,,,,,,,,,,,,,,,,,,,,,,,,,,,,,,,,,,,,,,,,,,,,,,,,,,,,,,,,,,,,,,,,,,,,,,,,,,,,,,,,,,,,,,,,,,,,,,,,,,,,,,,,,,,,,,,,,,,,,,,,,,,,,,,,,,,,,,,,,,,,,,,,,,
37,"Thomsen et al,2006","adjacent to Tomales Bay(38ø13?N, 122ø57'W)",grassland Holcus,,subtropical climate,,,,,5g/m2 and 10 g/m2 after four months,NH4NO3,,0.4,,36.218 ,34.333 ,27.283 ,40.680 ,7,7,,,,,,,,,,,,,,,,,,,,,,,,,,,,,,,4.350 ,7.238 ,2.976 ,6.151 ,7,7,,,,,,,,,,,,,,,,,,,,,,,,,,,,,,,,,,,,,,,,,,,,,,,,,,,,,,,,,,,,,,,,,,,,,,,,,,,,,,,,,,,,,,,,,,,,,,,,,,,,,,,,,,,,,,,,,,,,,,,,,,,,,,,,,,,,,,,,,,,,,,,,,,,,,,,,,,,,,,,,,,,,,,,,,,,,,,,,,,,,,,,,,,
,,,F. arund,,,,,,,,,,,,19.932 ,14.860 ,10.428 ,6.459 ,7,7,,,,,,,,,,,,,,,,,,,,,,,,,,,,,,,2.025 ,2.850 ,1.091 ,1.488 ,7,7,,,,,,,,,,,,,,,,,,,,,,,,,,,,,,,,,,,,,,,,,,,,,,,,,,,,,,,,,,,,,,,,,,,,,,,,,,,,,,,,,,,,,,,,,,,,,,,,,,,,,,,,,,,,,,,,,,,,,,,,,,,,,,,,,,,,,,,,,,,,,,,,,,,,,,,,,,,,,,,,,,,,,,,,,,,,,,,,,,,,,,,,,,
,,,Phalaris,,,,,,,,,,,,14.151 ,7.765 ,13.399 ,4.470 ,7,7,,,,,,,,,,,,,,,,,,,,,,,,,,,,,,,2.325 ,2.588 ,2.877 ,0.893 ,7,7,,,,,,,,,,,,,,,,,,,,,,,,,,,,,,,,,,,,,,,,,,,,,,,,,,,,,,,,,,,,,,,,,,,,,,,,,,,,,,,,,,,,,,,,,,,,,,,,,,,,,,,,,,,,,,,,,,,,,,,,,,,,,,,,,,,,,,,,,,,,,,,,,,,,,,,,,,,,,,,,,,,,,,,,,,,,,,,,,,,,,,,,,,
,,,Agrostis,,,,,,,,,,,,13.427 ,9.293 ,11.909 ,7.448 ,7,7,,,,,,,,,,,,,,,,,,,,,,,,,,,,,,,1.425 ,2.063 ,1.290 ,1.687 ,7,7,,,,,,,,,,,,,,,,,,,,,,,,,,,,,,,,,,,,,,,,,,,,,,,,,,,,,,,,,,,,,,,,,,,,,,,,,,,,,,,,,,,,,,,,,,,,,,,,,,,,,,,,,,,,,,,,,,,,,,,,,,,,,,,,,,,,,,,,,,,,,,,,,,,,,,,,,,,,,,,,,,,,,,,,,,,,,,,,,,,,,,,,,,
,,,F. rubra,,,,,,,,,,,,24.140 ,10.443 ,26.794 ,10.423 ,7,7,,,,,,,,,,,,,,,,,,,,,,,,,,,,,,,3.038 ,2.588 ,1.885 ,3.076 ,7,7,,,,,,,,,,,,,,,,,,,,,,,,,,,,,,,,,,,,,,,,,,,,,,,,,,,,,,,,,,,,,,,,,,,,,,,,,,,,,,,,,,,,,,,,,,,,,,,,,,,,,,,,,,,,,,,,,,,,,,,,,,,,,,,,,,,,,,,,,,,,,,,,,,,,,,,,,,,,,,,,,,,,,,,,,,,,,,,,,,,,,,,,,,
,,,Nassella,,,,,,,,,,,,7.291 ,4.470 ,7.446 ,4.964 ,7,7,,,,,,,,,,,,,,,,,,,,,,,,,,,,,,,1.313 ,1.613 ,1.091 ,1.488 ,7,7,,,,,,,,,,,,,,,,,,,,,,,,,,,,,,,,,,,,,,,,,,,,,,,,,,,,,,,,,,,,,,,,,,,,,,,,,,,,,,,,,,,,,,,,,,,,,,,,,,,,,,,,,,,,,,,,,,,,,,,,,,,,,,,,,,,,,,,,,,,,,,,,,,,,,,,,,,,,,,,,,,,,,,,,,,,,,,,,,,,,,,,,,,
38,"Tu et al, 2011","Liujiang, Sichuan, China (29ø95'N,103ø38'E)",Pleioblastus amarus plantation,8,tropical climate,Dystric Purpli-Orthic Primosols,1490,15.0 ,82.4,50,NH4NO3,November.2007-June.2009,1.6,,,,,,,,745.763 ,790.960 ,19.570 ,97.857 ,3,3,,,,,,,,,,,,,0.3426 ,0.3340 ,0.0247 ,0.0345 ,3,3,,,,,,,,,,,,,,,,,,,,,,,,,,,,,,,,,,,,,,,,,,,,,,,,,,,,,,,,,,,,,,,,,,,,,,,,,,,,,,,,,,,,,,,,,,,,,,,,,,,,,,,,,,,,,,,,,,,,,,,,,,,,,,,,,,,,,,,,,,,,,,,,,,,,,,,,,,,,,,,,,,,,,,,,,,,,,,,,,,,,,,,,,,,,,,,,,,,,,,
,,,,,,,,,82.4,150,NH4NO3,November.2007-June.2009,1.6,,,,,,,,858.757 ,790.960 ,78.285 ,97.857 ,3,3,,,,,,,,,,,,,0.3625 ,0.3340 ,0.0049 ,0.0345 ,3,3,,,,,,,,,,,,,,,,,,,,,,,,,,,,,,,,,,,,,,,,,,,,,,,,,,,,,,,,,,,,,,,,,,,,,,,,,,,,,,,,,,,,,,,,,,,,,,,,,,,,,,,,,,,,,,,,,,,,,,,,,,,,,,,,,,,,,,,,,,,,,,,,,,,,,,,,,,,,,,,,,,,,,,,,,,,,,,,,,,,,,,,,,,,,,,,,,,,,,,
,,,,,,,,,82.4,300,NH4NO3,November.2007-June.2009,1.6,,,,,,,,949.153 ,790.960 ,97.856 ,97.857 ,3,3,,,,,,,,,,,,,0.3796 ,0.3340 ,0.0197 ,0.0345 ,3,3,,,,,,,,,,,,,,,,,,,,,,,,,,,,,,,,,,,,,,,,,,,,,,,,,,,,,,,,,,,,,,,,,,,,,,,,,,,,,,,,,,,,,,,,,,,,,,,,,,,,,,,,,,,,,,,,,,,,,,,,,,,,,,,,,,,,,,,,,,,,,,,,,,,,,,,,,,,,,,,,,,,,,,,,,,,,,,,,,,,,,,,,,,,,,,,,,,,,,,
,,,,,,,,,82.4,50,NH4NO3,November.2007-July.2009,1.7,,,,,,,,1197.740 ,1073.450 ,469.715 ,332.710 ,3,3,,,,,,,,,,,,,0.3485 ,0.3457 ,0.0148 ,0.0148 ,3,3,,,,,,,,,,,,,,,,,,,,,,,,,,,,,,,,,,,,,,,,,,,,,,,,,,,,,,,,,,,,,,,,,,,,,,,,,,,,,,,,,,,,,,,,,,,,,,,,,,,,,,,,,,,,,,,,,,,,,,,,,,,,,,,,,,,,,,,,,,,,,,,,,,,,,,,,,,,,,,,,,,,,,,,,,,,,,,,,,,,,,,,,,,,,,,,,,,,,,,
,,,,,,,,,82.4,150,NH4NO3,November.2007-July.2009,1.7,,,,,,,,1423.730 ,1073.450 ,450.143 ,332.710 ,3,3,,,,,,,,,,,,,0.3599 ,0.3457 ,0.0148 ,0.0148 ,3,3,,,,,,,,,,,,,,,,,,,,,,,,,,,,,,,,,,,,,,,,,,,,,,,,,,,,,,,,,,,,,,,,,,,,,,,,,,,,,,,,,,,,,,,,,,,,,,,,,,,,,,,,,,,,,,,,,,,,,,,,,,,,,,,,,,,,,,,,,,,,,,,,,,,,,,,,,,,,,,,,,,,,,,,,,,,,,,,,,,,,,,,,,,,,,,,,,,,,,,
,,,,,,,,,82.4,300,NH4NO3,November.2007-July.2009,1.7,,,,,,,,1412.430 ,1073.450 ,195.704 ,332.710 ,3,3,,,,,,,,,,,,,0.3656 ,0.3457 ,0.0099 ,0.0148 ,3,3,,,,,,,,,,,,,,,,,,,,,,,,,,,,,,,,,,,,,,,,,,,,,,,,,,,,,,,,,,,,,,,,,,,,,,,,,,,,,,,,,,,,,,,,,,,,,,,,,,,,,,,,,,,,,,,,,,,,,,,,,,,,,,,,,,,,,,,,,,,,,,,,,,,,,,,,,,,,,,,,,,,,,,,,,,,,,,,,,,,,,,,,,,,,,,,,,,,,,,
,,,,,,,,,82.4,50,NH4NO3,November.2007-Aug.2009,1.8,,,,,,,,1039.550 ,1050.850 ,58.717 ,58.717 ,3,3,,,,,,,,,,,,,0.3430 ,0.3430 ,0.0148 ,0.0099 ,3,3,,,,,,,,,,,,,,,,,,,,,,,,,,,,,,,,,,,,,,,,,,,,,,,,,,,,,,,,,,,,,,,,,,,,,,,,,,,,,,,,,,,,,,,,,,,,,,,,,,,,,,,,,,,,,,,,,,,,,,,,,,,,,,,,,,,,,,,,,,,,,,,,,,,,,,,,,,,,,,,,,,,,,,,,,,,,,,,,,,,,,,,,,,,,,,,,,,,,,,
,,,,,,,,,82.4,150,NH4NO3,November.2007-Aug.2009,1.8,,,,,,,,1050.850 ,1050.850 ,58.717 ,58.717 ,3,3,,,,,,,,,,,,,0.3601 ,0.3430 ,0.0098 ,0.0099 ,3,3,,,,,,,,,,,,,,,,,,,,,,,,,,,,,,,,,,,,,,,,,,,,,,,,,,,,,,,,,,,,,,,,,,,,,,,,,,,,,,,,,,,,,,,,,,,,,,,,,,,,,,,,,,,,,,,,,,,,,,,,,,,,,,,,,,,,,,,,,,,,,,,,,,,,,,,,,,,,,,,,,,,,,,,,,,,,,,,,,,,,,,,,,,,,,,,,,,,,,,
,,,,,,,,,82.4,300,NH4NO3,November.2007-Aug.2009,1.8,,,,,,,,1276.840 ,1050.850 ,97.844 ,58.717 ,3,3,,,,,,,,,,,,,0.3631 ,0.3430 ,0.0098 ,0.0099 ,3,3,,,,,,,,,,,,,,,,,,,,,,,,,,,,,,,,,,,,,,,,,,,,,,,,,,,,,,,,,,,,,,,,,,,,,,,,,,,,,,,,,,,,,,,,,,,,,,,,,,,,,,,,,,,,,,,,,,,,,,,,,,,,,,,,,,,,,,,,,,,,,,,,,,,,,,,,,,,,,,,,,,,,,,,,,,,,,,,,,,,,,,,,,,,,,,,,,,,,,,
39,"Tu et al, 2013","Liujiang, Sichuan, China (29ø42'N,103ø14'E)",Pleioblastus amarus plantation,8,tropical climate,Dystric Purpli-Orthic Primosols,1490,15.0 ,82-113,50,NH4NO3,November.2007-February 2010,2.3,,,,,,,,630,550 ,239.362 ,183.597 ,3,3,,,,,,,0.68,0.55,0.103923048,0.017320508,3,3,0.550 ,0.490 ,0.196 ,0.122 ,3,3,,,,,,,,,,,,,,,,,,,,,,,,,405,458,72.042 ,61.286 ,3,3,,,,,,,,,,,,,,,,,,,,,,,,,,,,,,,,,,,,,,,,,,,,,,,,,,,,,,,,,,,,,,,,,,,,,,,,,,,,,,,,,,,,,,,,,,,,,,,,,,,,,,,,,,,,,,,,,,,,,,,,,,,,,,,,,,,,,,,,,,,,,,,,,,,,,,,,,,,,,,,,,,,,,,,,
,,,,,,,,,,150,NH4NO3,November.2007-February 2010,2.3,,,,,,,,632,550 ,306.788 ,183.597 ,3,3,,,,,,,0.71,0.55,0.017320508,0.017320508,3,3,0.570 ,0.490 ,0.155 ,0.122 ,3,3,,,,,,,,,,,,,,,,,,,,,,,,,393,458,67.372 ,61.286 ,3,3,,,,,,,,,,,,,,,,,,,,,,,,,,,,,,,,,,,,,,,,,,,,,,,,,,,,,,,,,,,,,,,,,,,,,,,,,,,,,,,,,,,,,,,,,,,,,,,,,,,,,,,,,,,,,,,,,,,,,,,,,,,,,,,,,,,,,,,,,,,,,,,,,,,,,,,,,,,,,,,,,,,,,,,,
,,,,,,,,,,300,NH4NO3,November.2007-February 2010,2.3,,,,,,,,820,550 ,275.701 ,183.597 ,3,3,,,,,,,0.83,0.55,0.034641016,0.017320508,3,3,0.630 ,0.490 ,0.163 ,0.122 ,3,3,,,,,,,,,,,,,,,,,,,,,,,,,281,458,97.888 ,61.286 ,3,3,,,,,,,,,,,,,,,,,,,,,,,,,,,,,,,,,,,,,,,,,,,,,,,,,,,,,,,,,,,,,,,,,,,,,,,,,,,,,,,,,,,,,,,,,,,,,,,,,,,,,,,,,,,,,,,,,,,,,,,,,,,,,,,,,,,,,,,,,,,,,,,,,,,,,,,,,,,,,,,,,,,,,,,,
40,"Verburg et al,2004","Manhattan, Kansas, USA(39.05N, 96.35W)",grassland,,subtropical climate,,,,,88,(NH4)2SO4,January.2000-June.2000,0.5,,,,,,,,,,,,,,,,,,,,,,,,,,,,,,,,115.9,71.3,9.063112048,10.04290795,6,6,0.697 ,0.848 ,0.083 ,0.128 ,6,6,,,,,,,,,,,,,,,,,,,,,,,,,,,,,,,,,,,,,,,,,,,,,,,,,,,,,,,,,,,,,,,,,,,,,,,,,,,,,,,,,,,,,,,,,,,,,,,,,,,,,,,,,,,,,,,,,,,,,,,,,,,,,,,,,,,,,,,,,,,,,,,,,,,,,,,,,,,,,,,,,,,,,,,,,,,,,,,,,,,,,,,,,,
41,"Vose et al,1995","Placerville, Calif(39N, 121W)",ponderosa pine,3,subtropical climate,Aiken clay loam,1000,18.0 ,,100,(NH4)2SO4,April.1993-October.1993,0.5,,99.500 ,49.700 ,29.557 ,15.981 ,2,2,11.100 ,9.600 ,0.849 ,4.667 ,2,2,88.400 ,40.100 ,28.567 ,11.314 ,2,2,,,,,,,,,,,,,,,,,,,,,,,,,,,,,,,,,,,,,,,,,,,,,,,,,,,,,,,,,,,,,,,,,,,,,,,,,,,,,,,,,,,,,,,,,,,,,,,,,,,,,,,,,,,,,,,,,,,,,,,,,,,,,,,,,,,,,,,,,,,,,,,,,,,,,,,,,,,,,,,,,,,,,,,,,,,,,,,,,,,,,,,,,,,,,,,,,,,,,,,,,,,,,,,,,,
,,,ponderosa pine,3,,,,,,200,(NH4)2SO4,,0.5,,115.300 ,49.700 ,69.014 ,15.981 ,2,2,12.200 ,9.600 ,0.141 ,4.667 ,2,2,103.100 ,40.100 ,69.155 ,11.314 ,2,2,,,,,,,,,,,,,,,,,,,,,,,,,,,,,,,,,,,,,,,,,,,,,,,,,,,,,,,,,,,,,,,,,,,,,,,,,,,,,,,,,,,,,,,,,,,,,,,,,,,,,,,,,,,,,,,,,,,,,,,,,,,,,,,,,,,,,,,,,,,,,,,,,,,,,,,,,,,,,,,,,,,,,,,,,,,,,,,,,,,,,,,,,,,,,,,,,,,,,,,,,,,,,,,,,,
42,"Wang et al, 2012","Changbai Mountain(42ø24'N,128ø05'E) northeastern China",broad-leaved Korean pine mixed forest,~200,temperate  climate,Eutric cambisol,700,3.5 ,23,50,NH4NO3,September.2009-September.2010,1,0-10,,,,,,,333.067 ,396.811 ,35.052 ,27.223 ,3,3,,,,,,,,,,,,,,,,,,,,,,,,,,,,,,,,,,,,,,,,,,,,,,,,,390,333,29.445,41.569,3,3,117,84,8.660254038,10.39230485,3,3,,,,,,,,,,,,,,,,,,,,,,,,,,,,,,,,,,,,,,,,,,,,,,,,,,,,,,,,,,,,,,,,,,,,,,,,,,,,,,,,,,,,,,,,,,,,,,,,,,,,,,,,,,,,,,,,,,,,,,,,,,,,,,,,,,,,,,,,,,,,,,,,,,,,,,,,,,,,
,,,,,,,,,,,,,,10-20,,,,,,,459.303 ,523.038 ,23.367 ,15.543 ,3,3,,,,,,,,,,,,,,,,,,,,,,,,,,,,,,,,,,,,,,,,,,,,,,,,,183,166,31.177,12.124,3,3,145,133,24.24871131,8.660254038,3,3,,,,,,,,,,,,,,,,,,,,,,,,,,,,,,,,,,,,,,,,,,,,,,,,,,,,,,,,,,,,,,,,,,,,,,,,,,,,,,,,,,,,,,,,,,,,,,,,,,,,,,,,,,,,,,,,,,,,,,,,,,,,,,,,,,,,,,,,,,,,,,,,,,,,,,,,,,,,
,,,,,,,,,23,50,NH4NO3,September.2009-September.2010,1,0-10,,,,,,,,,,,,,,,,,,,,,,,,,,,,,,,,,,,,,,,,,,,,,,,,,,,,,,,,,,,,,64,45,24.249,19.053,3,3,19,11,6.92820323,5.196152423,3,3,,,,,,,,,,,,,,,,,,,,,,,,,,,,,,,,,,,,,,,,,,,,,,,,,,,,,,,,,,,,,,,,,,,,,,,,,,,,,,,,,,,,,,,,,,,,,,,,,,,,,,,,,,,,,,,,,,,,,,,,,,,,,,,,,,,,,,,,,,,,,,,,,,,,,,,,,,,,
,,,,,,,,,,,,,,10-20,,,,,,,,,,,,,,,,,,,,,,,,,,,,,,,,,,,,,,,,,,,,,,,,,,,,,,,,,,,,,17,11,3.464,1.732,3,3,13,9,1.732050808,1.732050808,3,3,,,,,,,,,,,,,,,,,,,,,,,,,,,,,,,,,,,,,,,,,,,,,,,,,,,,,,,,,,,,,,,,,,,,,,,,,,,,,,,,,,,,,,,,,,,,,,,,,,,,,,,,,,,,,,,,,,,,,,,,,,,,,,,,,,,,,,,,,,,,,,,,,,,,,,,,,,,,
43,"Wang et al, 2012","Changbai Mountain(42ø24'N,128ø05'E) northeastern China",broad-leaved Korean pine mixed forest,2,temperate climate,dark brown forest soil,695,3.6 ,23,100,NH4NO3,May.2006-May.2008,2,,219.070 ,180.000 ,5.581 ,12.558 ,6,6,,,,,,,,,,,,,,,,,,,,,,,,,,,,,,,,,,,,,,,,,,,,,,,,,,,,,,,,,,,,,,,,,,,,,,,,,,,,,,,,,,,,,,,,,,,,,,,,,,,,,,,,,,,,,,,,,,,,,,,,,,,,,,,,,,,,,,,,,,,,,,,,,,,,,,,,,,,,,,,,,,,,,,,,,,,,,,,,,,,,,,,,,,,,,,,,,,,,,,,,,,,,,,,,,,,,,,,,,,,,,,
44,"Wang et al, 2013","Songyugou watershed in the Loess Plateau region, Shaanxi Province, China(35ø39'N,110ø06'E)", mixed deciduous broadleaf?needle leaf forest,50,subtropical climate,,585,9.7 ,,30,urea,April.2008-May.2011,3.1,,,,,,,,72.852 ,75.904 ,19.776 ,19.776 ,6,6,,,,,,,,,,,,,,,,,,,,,,,,,,,,,,,1380.000 ,1560.000 ,244.949 ,342.929 ,6,6,27.879 ,30.303 ,11.876 ,8.907 ,6 ,6 ,,,,,,,,,,,,,,,,,,,0.247424,0.22603,0.20430704,0.306460561,6,6,,,,,,,,,,,,,,,,,,,,,,,,,,,,,,,,,,,,,,,,,,,,,,,,,,,,,,,,,,,,,,,,,,,,,,,,,,,,,,,,,,,,,,,,,,,,,,,,,,,,,,,,,,,,,,,,,,,,,,,,,,,,,,,,,,,,,,,,,,,,,,,,,,,,,,
,,,,,,,,,,60,urea,April.2008-May.2011,3.1,,,,,,,,72.830 ,75.904 ,22.246 ,19.776 ,6,6,,,,,,,,,,,,,,,,,,,,,,,,,,,,,,,1260.000 ,1560.000 ,195.959 ,342.929 ,6,6,26.667 ,30.303 ,8.907 ,8.907 ,6 ,6 ,,,,,,,,,,,,,,,,,,,0.227188,0.22603,0.25533726,0.306460561,6,6,,,,,,,,,,,,,,,,,,,,,,,,,,,,,,,,,,,,,,,,,,,,,,,,,,,,,,,,,,,,,,,,,,,,,,,,,,,,,,,,,,,,,,,,,,,,,,,,,,,,,,,,,,,,,,,,,,,,,,,,,,,,,,,,,,,,,,,,,,,,,,,,,,,,,,
,,,,,,,,,,90,urea,April.2008-May.2011,3.1,,,,,,,,73.818 ,75.904 ,17.293 ,19.776 ,6,6,,,,,,,,,,,,,,,,,,,,,,,,,,,,,,,1200.000 ,1560.000 ,244.949 ,342.929 ,6,6,25.455 ,30.303 ,8.907 ,8.907 ,6 ,6 ,,,,,,,,,,,,,,,,,,,0.269116,0.22603,0.153367452,0.306460561,6,6,,,,,,,,,,,,,,,,,,,,,,,,,,,,,,,,,,,,,,,,,,,,,,,,,,,,,,,,,,,,,,,,,,,,,,,,,,,,,,,,,,,,,,,,,,,,,,,,,,,,,,,,,,,,,,,,,,,,,,,,,,,,,,,,,,,,,,,,,,,,,,,,,,,,,,
,,,,,,,,,,120,urea,April.2008-May.2011,3.1,,,,,,,,68.740 ,75.904 ,14.827 ,19.776 ,6,6,,,,,,,,,,,,,,,,,,,,,,,,,,,,,,,1100.000 ,1560.000 ,244.949 ,342.929 ,6,6,25.455 ,30.303 ,8.907 ,8.907 ,6 ,6 ,,,,,,,,,,,,,,,,,,,0.269676,0.22603,0.255430341,0.306460561,6,6,,,,,,,,,,,,,,,,,,,,,,,,,,,,,,,,,,,,,,,,,,,,,,,,,,,,,,,,,,,,,,,,,,,,,,,,,,,,,,,,,,,,,,,,,,,,,,,,,,,,,,,,,,,,,,,,,,,,,,,,,,,,,,,,,,,,,,,,,,,,,,,,,,,,,,
,,,,,,,,,,150,urea,April.2008-May.2011,3.1,,,,,,,,69.725 ,75.904 ,19.740 ,19.776 ,6,6,,,,,,,,,,,,,,,,,,,,,,,,,,,,,,,1020.000 ,1560.000 ,244.949 ,342.929 ,6,6,26.667 ,30.303 ,5.938 ,8.907 ,6 ,6 ,,,,,,,,,,,,,,,,,,,0.270385,0.22603,0.102885918,0.306460561,6,6,,,,,,,,,,,,,,,,,,,,,,,,,,,,,,,,,,,,,,,,,,,,,,,,,,,,,,,,,,,,,,,,,,,,,,,,,,,,,,,,,,,,,,,,,,,,,,,,,,,,,,,,,,,,,,,,,,,,,,,,,,,,,,,,,,,,,,,,,,,,,,,,,,,,,,
45,"Wei et al, 2013","Xilin River, Inner Mongolia Autonomous Region of China(43ø38'N, 116ø42'E)",Grassland,,temperate climate, dark chestnut,350,-0.4 ,24.024,48.048,urea,may.2006-2009,3,,323.500 ,334.300 ,93.326 ,210.411 ,6,6,,,,,,,,,,,,,,,,,,,,,,,,,,,,,,,,,,,,,,,,,,,,,,,,,,,,,,,,,,,,,,,,,,,,,,,,,,,,,,,,,,,,,,,,,,,,,,,,,,,,,,,,,,,,,,,,,,,,,,,,,,,,,,,,,,,,,,,,,,,,,,,,,,,,,,,,,,,,,,,,,,,,,,,,,,,,,,,,,,,,,,,,,,,,,,,,,,,,,,,,,,,,,,,,,,,,,,,,,,,,,,
,,,,,,,,,,96.096,urea,,3,,411.000 ,334.300 ,108.022 ,210.411 ,6,6,,,,,,,,,,,,,,,,,,,,,,,,,,,,,,,,,,,,,,,,,,,,,,,,,,,,,,,,,,,,,,,,,,,,,,,,,,,,,,,,,,,,,,,,,,,,,,,,,,,,,,,,,,,,,,,,,,,,,,,,,,,,,,,,,,,,,,,,,,,,,,,,,,,,,,,,,,,,,,,,,,,,,,,,,,,,,,,,,,,,,,,,,,,,,,,,,,,,,,,,,,,,,,,,,,,,,,,,,,,,,,
,,,,,,,,,,168.168,urea,,3,,459.900 ,334.300 ,158.727 ,210.411 ,6,6,,,,,,,,,,,,,,,,,,,,,,,,,,,,,,,,,,,,,,,,,,,,,,,,,,,,,,,,,,,,,,,,,,,,,,,,,,,,,,,,,,,,,,,,,,,,,,,,,,,,,,,,,,,,,,,,,,,,,,,,,,,,,,,,,,,,,,,,,,,,,,,,,,,,,,,,,,,,,,,,,,,,,,,,,,,,,,,,,,,,,,,,,,,,,,,,,,,,,,,,,,,,,,,,,,,,,,,,,,,,,,
,,,,,,,,,,240.24,urea,,3,,396.700 ,334.300 ,248.133 ,210.411 ,6,6,,,,,,,,,,,,,,,,,,,,,,,,,,,,,,,,,,,,,,,,,,,,,,,,,,,,,,,,,,,,,,,,,,,,,,,,,,,,,,,,,,,,,,,,,,,,,,,,,,,,,,,,,,,,,,,,,,,,,,,,,,,,,,,,,,,,,,,,,,,,,,,,,,,,,,,,,,,,,,,,,,,,,,,,,,,,,,,,,,,,,,,,,,,,,,,,,,,,,,,,,,,,,,,,,,,,,,,,,,,,,,
46,"Yan et al, 2010","Duolun county,Inner Mongolia, China.(42.27N, 116.41W)",grassland,,temperate climate,Calcic-orthic Aridisol,385,0.7 ,,280,urea,June.2006-September.2006,0.2,,,,,,,,,,,,,,,,,,,,1.97,1.48,0.067082039,0.067082039,5,5,,,,,,,,,,,,,,,,,,,,,,,,,,,,,,,,,,,,,,,,,,,,,,,,,,,,,,,,,,,,,,,,,,,,,,,,,,,,,,,,,,,,,,,,,,,,,,,,,,,,,,,,,,,,,,,,,,,,,,,,,,,,,,,,,,,,,,,,,,,,,,,,,,,,,,,,,,,,,,,,,,,,,,,,,,,,,,,,,,,,,,,,,,,,,,,,,,,,,,,,,,,,
,,,,,,,,,,,,June.2006-September.2007,1.2,,,,,,,,,,,,,,,,,,,,0.79,0.79,0.111803399,0.067082039,5,5,,,,,,,,,,,,,,,,,,,,,,,,,,,,,,,,,,,,,,,,,,,,,,,,,,,,,,,,,,,,,,,,,,,,,,,,,,,,,,,,,,,,,,,,,,,,,,,,,,,,,,,,,,,,,,,,,,,,,,,,,,,,,,,,,,,,,,,,,,,,,,,,,,,,,,,,,,,,,,,,,,,,,,,,,,,,,,,,,,,,,,,,,,,,,,,,,,,,,,,,,,,,
47,"Zhao and Liu, 2009","Sichuan province, China (31ø41'N,103ø53'E)",P. asperata,3,subtropical climate,,,,,250,NH4NO3,April.2007-October.2007,0.5,,2.197 ,2.003 ,0.268 ,0.235 ,4,4,,,,,,,,,,,,,,,,,,,,,,,,,,,,,,,,,,,,,,,,,,,,,,,,,,,,,,,,,,,,,,,,,,,,,,,,,,,,,,,,,,,,,,,,,,,,,,,,,,,,,,,,,,,,,,,,,,,,,,,,,,,,,,,,,,,,,,,,,,,,,,,,,,,,,,,,,,,,,,,,,,,,,,,,,,,,,,,,,,,,,,,,,,,,,,,,,,,,,,,,,,,,,,,,,,,,,,,,,,,,,,
48,"Zhu et al,2013","Dinghushan Biosphere Reserve (23ø10'N,112ø33'E)in the central section of Guangdong Province",Old-growth,>400,tropical climate,oxisols,1927,21.0 ,33,150,NH4NO3,February.2007-July.2012,5.4,,,,,,,,120.367 ,176.514 ,32.003 ,24.617 ,5,5,,,,,,,,,,,,,1.627 ,1.554 ,0.267 ,0.244 ,5,5,,,,,,,,,,,,,,,,,,,,,,,,,,,,,,,,,,,,,,,,,,,,,,,,,,,,,,,,,,,,,,,,,,,,,,,,,,,,,,,,,,,,,,,,,,,,,,,,,,,,,,,,,,,,,,,,,,,,,,,,,,,,,,,,,,,,,,,,,,,,,,,,,,,,,,,,,,,,,,,,,,,,,,,,,,,,,,,,,,,,,,,,,,,,,,,,,,,,,,
,,,Pine,75,tropical climate,oxisols,1927,21.0 ,33,150,NH4NO3,February.2007-July.2012,5.4,,,,,,,,57.615 ,59.817 ,12.309 ,19.694 ,5,5,,,,,,,,,,,,,1.306 ,1.311 ,0.314 ,0.140 ,5,5,,,,,,,,,,,,,,,,,,,,,,,,,,,,,,,,,,,,,,,,,,,,,,,,,,,,,,,,,,,,,,,,,,,,,,,,,,,,,,,,,,,,,,,,,,,,,,,,,,,,,,,,,,,,,,,,,,,,,,,,,,,,,,,,,,,,,,,,,,,,,,,,,,,,,,,,,,,,,,,,,,,,,,,,,,,,,,,,,,,,,,,,,,,,,,,,,,,,,,
,,,Mixed,75,tropical climate,oxisols,1927,21.0 ,33,150,NH4NO3,February.2007-July.2012,5.4,,,,,,,,167.706 ,117.064 ,86.162 ,22.155 ,5,5,,,,,,,,,,,,,1.012 ,0.980 ,0.209 ,0.151 ,5,5,,,,,,,,,,,,,,,,,,,,,,,,,,,,,,,,,,,,,,,,,,,,,,,,,,,,,,,,,,,,,,,,,,,,,,,,,,,,,,,,,,,,,,,,,,,,,,,,,,,,,,,,,,,,,,,,,,,,,,,,,,,,,,,,,,,,,,,,,,,,,,,,,,,,,,,,,,,,,,,,,,,,,,,,,,,,,,,,,,,,,,,,,,,,,,,,,,,,,,
,,,,,tropical climate,,,,,,,,,,,,,,,,,,,,,,,,,,,,,,,,,,,,,,,,,,,,,,,,,,,,,,,,,,,,,,,,,,,,,,,,,,,,,,,,,,,,,,,,,,,,,,,,,,,,,,,,,,,,,,,,,,,,,,,,,,,,,,,,,,,,,,,,,,,,,,,,,,,,,,,,,,,,,,,,,,,,,,,,,,,,,,,,,,,,,,,,,,,,,,,,,,,,,,,,,,,,,,,,,,,,,,,,,,,,,,,,,,,,,,,,,,,,,
49,"D'Antonio and Mack, 2006","Hawaii Volcanoes National Park(19ø6'N,155ø33'W)",grassland,,tropical climate,,1500,21.5 ,,100,urea,July.1996-January.1997,0.5,,184.900 ,198.200 ,74.237 ,51.653 ,5,5,,,,,,,,,,,,,,,,,,,0.498 ,0.346 ,0.114 ,0.087 ,5,5,,,,,,,,,,,,,,,,,,,,,,,,,,,,,,,,,,,,,,,,,,,,,,,,,,,,,,,,,,,,,,,,,,,,,,,,,,,,,,,,,,,,,,,,,,,,,,,,,,,,,,,,,,,,,,,,,,,,,,,,,,,,,,,,,,,,,,,,,,,,,,,,,,,,,,,,,,,,,,,,,,,,,,,,,,,,,,,,,,,,,,,,,,,,,,,,,,,,,,
,,,,,,,,,,,,July.1996-November.1997,1.3,,336.600 ,176.900 ,102.412 ,66.635 ,5,5,,,,,,,,,,,,,,,,,,,,,,,,,,,,,,,,,,,,,,,,,,,,,,,,,,,,,,,,,,,,,,,,,,,,,,,,,,,,,,,,,,,,,,,,,,,,,,,,,,,,,,,,,,,,,,,,,,,,,,,,,,,,,,,,,,,,,,,,,,,,,,,,,,,,,,,,,,,,,,,,,,,,,,,,,,,,,,,,,,,,,,,,,,,,,,,,,,,,,,,,,,,,,,,,,,,,,,,,,,,,,,
50,"Nilsson and Wallander,2003",Skogaby Experimental Forest in SW Sweden,Norway spruce,22,temperate climate,sand,1100,7.5 ,15,100,(NH4)2SO4,1988-1998.Oct.,0.5,,,,,,,,,,,,,,,,,,,,,,,,,,,,,,,,,,,,,,,,,,,,,,,,,,,,,,,,,,,,,,,,,,,,,,,,,,,,,,,,3.50481,0.519231,0.95192,0.951922,4,4,,,,,,,,,,,,,,,,,,,,,,,,,,,,,,,,,,,,,,,,,,,,,,,,,,,,,,,,,,,,,,,,,,,,,,,,,,,,,,,,,,,,,,,,,,,,,,,,,,,,,,,,,,,,,,,,,,,,,,,,,,,,,,,,,,,,,,,,,,,,,,,,
,,,,,,sand,,,,100,,1988-1999.Apr.,1,,,,,,,,,,,,,,,,,,,,,,,,,,,,,,,,,,,,,,,,,,,,,,,,,,,,,,,,,,,,,,,,,,,,,,,,,,,,,,,,3.30288,0.504808,0.98078,0.576922,4,4,,,,,,,,,,,,,,,,,,,,,,,,,,,,,,,,,,,,,,,,,,,,,,,,,,,,,,,,,,,,,,,,,,,,,,,,,,,,,,,,,,,,,,,,,,,,,,,,,,,,,,,,,,,,,,,,,,,,,,,,,,,,,,,,,,,,,,,,,,,,,,,,
,,,,,,sand,,,,100,,1988-1999.Oct.,1.5,,,,,,,,,,,,,,,,,,,,,,,,,,,,,,,,,,,,,,,,,,,,,,,,,,,,,,,,,,,,,,,,,,,,,,,,,,,,,,,,3.01442,0.504808,1.15386,0.576922,4,4,,,,,,,,,,,,,,,,,,,,,,,,,,,,,,,,,,,,,,,,,,,,,,,,,,,,,,,,,,,,,,,,,,,,,,,,,,,,,,,,,,,,,,,,,,,,,,,,,,,,,,,,,,,,,,,,,,,,,,,,,,,,,,,,,,,,,,,,,,,,,,,,
,,,,,,sand amended,,,,100,,1988-1998.Oct.,0.5,,,,,,,,,,,,,,,,,,,,,,,,,,,,,,,,,,,,,,,,,,,,,,,,,,,,,,,,,,,,,,,,,,,,,,,,,,,,,,,,3,3,1.13744,2.01896,4,4,,,,,,,,,,,,,,,,,,,,,,,,,,,,,,,,,,,,,,,,,,,,,,,,,,,,,,,,,,,,,,,,,,,,,,,,,,,,,,,,,,,,,,,,,,,,,,,,,,,,,,,,,,,,,,,,,,,,,,,,,,,,,,,,,,,,,,,,,,,,,,,,
,,,,,,sand amended,,,,100,,1988-1999.Apr.,1,,,,,,,,,,,,,,,,,,,,,,,,,,,,,,,,,,,,,,,,,,,,,,,,,,,,,,,,,,,,,,,,,,,,,,,,,,,,,,,,3,1.23697,0.85308,0.96682,4,4,,,,,,,,,,,,,,,,,,,,,,,,,,,,,,,,,,,,,,,,,,,,,,,,,,,,,,,,,,,,,,,,,,,,,,,,,,,,,,,,,,,,,,,,,,,,,,,,,,,,,,,,,,,,,,,,,,,,,,,,,,,,,,,,,,,,,,,,,,,,,,,,
,,,,,,sand amended,,,,100,,1988-1999.Oct.,1.5,,,,,,,,,,,,,,,,,,,,,,,,,,,,,,,,,,,,,,,,,,,,,,,,,,,,,,,,,,,,,,,,,,,,,,,,,,,,,,,,3.99526,1.23697,0.54028,0.96682,4,4,,,,,,,,,,,,,,,,,,,,,,,,,,,,,,,,,,,,,,,,,,,,,,,,,,,,,,,,,,,,,,,,,,,,,,,,,,,,,,,,,,,,,,,,,,,,,,,,,,,,,,,,,,,,,,,,,,,,,,,,,,,,,,,,,,,,,,,,,,,,,,,,
,,,,,,sand amended,,,,100,,1988-1999.Oct.,1.5,,,,,,,,,,,,,,,,,,,,,,,,,,,,,,,,,,,,,,,,,,,,,,,,,,,,,,,,,,,,,,,,,,,,,,,,,,,,,,,,3.51185,1.00948,0.56872,0.853084,4,4,,,,,,,,,,,,,,,,,,,,,,,,,,,,,,,,,,,,,,,,,,,,,,,,,,,,,,,,,,,,,,,,,,,,,,,,,,,,,,,,,,,,,,,,,,,,,,,,,,,,,,,,,,,,,,,,,,,,,,,,,,,,,,,,,,,,,,,,,,,,,,,,
51,"Zhang et al,2014","lanzhou city (35ø57'N,104ø09'W)",grassland,,tropical climate,Calcaric Cambisol,382,6.7 ,8,23,urea,may.2009-September 2011,2.3,,309.091 ,290.909 ,75.580 ,75.580 ,3.000 ,3.000 ,,,,,,,,,,,,,0.207495,0.139369,0.047769961,0.047454728,3,3,,,,,,,,,,,,,,,,,,,,,,,,,,,,,,,,,,,,,,,,,,,,,,,,,,,,,,,,,,,,,,,,,,,,,,,,,,,,,,,,,,,,,,,,,,,,,,,,,,,,,,,,,,,,,,,,,,,,,,,,,,,,,,,,,,,,,,,,,,,,,,,,,,,,,,,,,,,,,,,,,,,,,,,,,,,,,,,,,,,,,,,,,,,,,,,,,,,,,,,,,,,,
,,,,,,,,,,92,,may.2009-September 2011,2.3,,360.000 ,290.909 ,37.790 ,75.580 ,3.000 ,3.000 ,,,,,,,,,,,,,0.419412,0.139369,0.047612345,0.047454728,3,3,,,,,,,,,,,,,,,,,,,,,,,,,,,,,,,,,,,,,,,,,,,,,,,,,,,,,,,,,,,,,,,,,,,,,,,,,,,,,,,,,,,,,,,,,,,,,,,,,,,,,,,,,,,,,,,,,,,,,,,,,,,,,,,,,,,,,,,,,,,,,,,,,,,,,,,,,,,,,,,,,,,,,,,,,,,,,,,,,,,,,,,,,,,,,,,,,,,,,,,,,,,,
,,,,,,,,,,23,,may.2009-may. 2011,2,,,,,,,,,,,,,,,,,,,,0.214963,0.234778,0.047452996,0.023408667,3,3,,,,,,,,,,,,,,,,,,,,,,,,,,,,,,,,,,,,,,,,,,,,,,,,,,,,,,,,,,,,,,,,,,,,,,,,,,,,,,,,,,,,,,,,,,,,,,,,,,,,,,,,,,,,,,,,,,,,,,,,,,,,,,,,,,,,,,,,,,,,,,,,,,,,,,,,,,,,,,,,,,,,,,,,,,,,,,,,,,,,,,,,,,,,,,,,,,,,,,,,,,,,
,,,,,,,,,,92,,may.2009-may. 2011,2,,,,,,,,,,,,,,,,,,,,0.275645,0.234778,0.035430831,0.023408667,3,3,,,,,,,,,,,,,,,,,,,,,,,,,,,,,,,,,,,,,,,,,,,,,,,,,,,,,,,,,,,,,,,,,,,,,,,,,,,,,,,,,,,,,,,,,,,,,,,,,,,,,,,,,,,,,,,,,,,,,,,,,,,,,,,,,,,,,,,,,,,,,,,,,,,,,,,,,,,,,,,,,,,,,,,,,,,,,,,,,,,,,,,,,,,,,,,,,,,,,,,,,,,,
,,,,,,,,,,23,,may.2009-jun. 2011,2.1,,,,,,,,,,,,,,,,,,,,0.219613,0.261305,0.059315812,0.04753267,3,3,,,,,,,,,,,,,,,,,,,,,,,,,,,,,,,,,,,,,,,,,,,,,,,,,,,,,,,,,,,,,,,,,,,,,,,,,,,,,,,,,,,,,,,,,,,,,,,,,,,,,,,,,,,,,,,,,,,,,,,,,,,,,,,,,,,,,,,,,,,,,,,,,,,,,,,,,,,,,,,,,,,,,,,,,,,,,,,,,,,,,,,,,,,,,,,,,,,,,,,,,,,,
,,,,,,,,,,92,,may.2009-jun. 2011,2.1,,,,,,,,,,,,,,,,,,,,0.342534,0.261305,0.083044908,0.04753267,3,3,,,,,,,,,,,,,,,,,,,,,,,,,,,,,,,,,,,,,,,,,,,,,,,,,,,,,,,,,,,,,,,,,,,,,,,,,,,,,,,,,,,,,,,,,,,,,,,,,,,,,,,,,,,,,,,,,,,,,,,,,,,,,,,,,,,,,,,,,,,,,,,,,,,,,,,,,,,,,,,,,,,,,,,,,,,,,,,,,,,,,,,,,,,,,,,,,,,,,,,,,,,,
,,,,,,,,,,23,,may.2009-Aug. 2011,2.2,,,,,,,,,,,,,,,,,,,,0.134993,0.121478,0.071734963,0.047453516,3,3,,,,,,,,,,,,,,,,,,,,,,,,,,,,,,,,,,,,,,,,,,,,,,,,,,,,,,,,,,,,,,,,,,,,,,,,,,,,,,,,,,,,,,,,,,,,,,,,,,,,,,,,,,,,,,,,,,,,,,,,,,,,,,,,,,,,,,,,,,,,,,,,,,,,,,,,,,,,,,,,,,,,,,,,,,,,,,,,,,,,,,,,,,,,,,,,,,,,,,,,,,,,
,,,,,,,,,,92,,may.2009-Aug. 2011,2.2,,,,,,,,,,,,,,,,,,,,0.360334,0.121478,0.071021011,0.047453516,3,3,,,,,,,,,,,,,,,,,,,,,,,,,,,,,,,,,,,,,,,,,,,,,,,,,,,,,,,,,,,,,,,,,,,,,,,,,,,,,,,,,,,,,,,,,,,,,,,,,,,,,,,,,,,,,,,,,,,,,,,,,,,,,,,,,,,,,,,,,,,,,,,,,,,,,,,,,,,,,,,,,,,,,,,,,,,,,,,,,,,,,,,,,,,,,,,,,,,,,,,,,,,,
,,,,,,,,,,23,,may.2009-Apr. 2011,1.9,,,,,,,,,,,,,,,,,,,,-0.042562,-0.00128281,0.035669508,0.047453498,3,3,,,,,,,,,,,,,,,,,,,,,,,,,,,,,,,,,,,,,,,,,,,,,,,,,,,,,,,,,,,,,,,,,,,,,,,,,,,,,,,,,,,,,,,,,,,,,,,,,,,,,,,,,,,,,,,,,,,,,,,,,,,,,,,,,,,,,,,,,,,,,,,,,,,,,,,,,,,,,,,,,,,,,,,,,,,,,,,,,,,,,,,,,,,,,,,,,,,,,,,,,,,,
,,,,,,,,,,92,,may.2009-Apr. 2012,1.9,,,,,,,,,,,,,,,,,,,,0.0320933,-0.00128281,0.035510679,0.047453498,3,3,,,,,,,,,,,,,,,,,,,,,,,,,,,,,,,,,,,,,,,,,,,,,,,,,,,,,,,,,,,,,,,,,,,,,,,,,,,,,,,,,,,,,,,,,,,,,,,,,,,,,,,,,,,,,,,,,,,,,,,,,,,,,,,,,,,,,,,,,,,,,,,,,,,,,,,,,,,,,,,,,,,,,,,,,,,,,,,,,,,,,,,,,,,,,,,,,,,,,,,,,,,,
52,"Gao et al,2014","Tiantong National Forest Park (29ø52'N,121ø39'W)",forest,,subtropical climate,Acrisol,1374,16.0 ,,50,NH4NO3, January. 2011-September 2011,0.6,,,,,,,,171.420 ,71.980 ,69.940 ,31.974 ,3,3,,,,,,,,,,,,,9.240 ,6.670 ,0.346 ,0.139 ,3,3,,,,,,,,,,,,,,,,,,,,,,,,,,,,,,,,,,,,,,,,,,,,,,,,,,,,,,,,,,,,,,,,,,,,,,,,,,,,,,,,,,,,,,,,,,,,,,,,,,,,,,,,,,,,,,,,,,,,,,,,,,,,,,,,,,,,,,,,,,,,,,,,,,,,,,,,,,,,,,,,,,,,,,,,,,,,,,,,,,,,,,,,,,,,,,,,,,,,,,
,,,,,subtropical climate,,,,,100,,,,,,,,,,,121.880 ,71.980 ,70.165 ,31.974 ,3,3,,,,,,,,,,,,,8.770 ,6.670 ,0.520 ,0.139 ,3,3,,,,,,,,,,,,,,,,,,,,,,,,,,,,,,,,,,,,,,,,,,,,,,,,,,,,,,,,,,,,,,,,,,,,,,,,,,,,,,,,,,,,,,,,,,,,,,,,,,,,,,,,,,,,,,,,,,,,,,,,,,,,,,,,,,,,,,,,,,,,,,,,,,,,,,,,,,,,,,,,,,,,,,,,,,,,,,,,,,,,,,,,,,,,,,,,,,,,,,
53,"Fan et al,2014","Guanzhuang National Forestry Farm (26ø30'N,117ø43'E)",Forest,12,subtropical climate,acrisol,1628,19.2 ,4.2-5.7 g N m-2 y-1,60,urea,December.2003-2011,8,,,,,,,,,,,,,,,,,,,,,,,,,,0.504 ,0.528 ,0.110 ,0.036 ,3,3,,,,,,,,,,,,,,,,,,,,,,,,,,,,,,,,,,,,,,,,,,,,,,,,,,,,,,,,,,,,,,,,,,,,,,,,,,,,,,,,,,,,,,,,,,,,,,,,,,,,,,,,,,,,,,,,,,,,,,,,,,,,,,,,,,,,,,,,,,,,,,,,,,,,,,,,,,,,,,,,,,,,,,,,,,,,,,,,,,,,,,,,,,,,,,,,,,,,,,
,,,,,,,,,,120,,,,,,,,,,,,,,,,,,,,,,,,,,,,,0.745 ,0.528 ,0.330 ,0.036 ,3,3,,,,,,,,,,,,,,,,,,,,,,,,,,,,,,,,,,,,,,,,,,,,,,,,,,,,,,,,,,,,,,,,,,,,,,,,,,,,,,,,,,,,,,,,,,,,,,,,,,,,,,,,,,,,,,,,,,,,,,,,,,,,,,,,,,,,,,,,,,,,,,,,,,,,,,,,,,,,,,,,,,,,,,,,,,,,,,,,,,,,,,,,,,,,,,,,,,,,,,
,,,,,,,,,,240,,,,,,,,,,,,,,,,,,,,,,,,,,,,,0.542 ,0.528 ,0.091 ,0.036 ,3,3,,,,,,,,,,,,,,,,,,,,,,,,,,,,,,,,,,,,,,,,,,,,,,,,,,,,,,,,,,,,,,,,,,,,,,,,,,,,,,,,,,,,,,,,,,,,,,,,,,,,,,,,,,,,,,,,,,,,,,,,,,,,,,,,,,,,,,,,,,,,,,,,,,,,,,,,,,,,,,,,,,,,,,,,,,,,,,,,,,,,,,,,,,,,,,,,,,,,,,
54,"Du et al, 2014","Saihanba Forestry Center in Hebei Province, northern China (42ø10'-42ø50'N,117ø12'-117ø30'E)",forest,,temperate climate,sandy,450.1,-1.4 ,,50,Urea,May.2009-July.2010,1.2,,,,,,,,,,,,,,,,,,,,,,,,,,0.826 ,0.900 ,0.075 ,0.075 ,3,3,35.9609,33.7601,1.679396463,1.675585951,3,3,,,,,,,,,,,,,,,,,,,43.51607368,37.52769271,4.456163017,3.653913245,3,3,,,,,,,,,,,,,,,,,,,,,,,,,,,,,,,,,,,,,,,,,,,,,,,,,,,,,,,,,,,,,,,,,,,,,,,,,,,,,,,,,,,,,,,,,,,,,,,,,,,,,,,,,,,,,,,,,,,,,,,,,,,,,,,,,,,,,,,,,,,,,,,,,,,,,,,,,,,,,,,,,,,,,,,,
,,,,,,,,,,100,,,1.2,,,,,,,,,,,,,,,,,,,,,,,,,,0.894 ,0.900 ,0.075 ,0.075 ,3,3,35.5636,33.7601,2.238848874,1.675585951,3,3,,,,,,,,,,,,,,,,,,,39.79157413,37.52769271,4.187103221,3.653913245,3,3,,,,,,,,,,,,,,,,,,,,,,,,,,,,,,,,,,,,,,,,,,,,,,,,,,,,,,,,,,,,,,,,,,,,,,,,,,,,,,,,,,,,,,,,,,,,,,,,,,,,,,,,,,,,,,,,,,,,,,,,,,,,,,,,,,,,,,,,,,,,,,,,,,,,,,,,,,,,,,,,,,,,,,,,
,,,,,,,,,,150,,,1.2,,,,,,,,,,,,,,,,,,,,,,,,,,0.864 ,0.900 ,0.076 ,0.075 ,3,3,37.1177,33.7601,2.238848874,1.675585951,3,3,,,,,,,,,,,,,,,,,,,42.96403044,37.52769271,4.563899197,3.653913245,3,3,,,,,,,,,,,,,,,,,,,,,,,,,,,,,,,,,,,,,,,,,,,,,,,,,,,,,,,,,,,,,,,,,,,,,,,,,,,,,,,,,,,,,,,,,,,,,,,,,,,,,,,,,,,,,,,,,,,,,,,,,,,,,,,,,,,,,,,,,,,,,,,,,,,,,,,,,,,,,,,,,,,,,,,,
,,,,,,,,,,,,,,,,,,,,,,,,,,,,,,,,,,,,,,,,,,,,,,,,,,,,,,,,,,,,,,,,,,,,,,,,,,,,,,,,,,,,,,,,,,,,,,,,,,,,,,,,,,,,,,,,,,,,,,,,,,,,,,,,,,,,,,,,,,,,,,,,,,,,,,,,,,,,,,,,,,,,,,,,,,,,,,,,,,,,,,,,,,,,,,,,,,,,,,,,,,,,,,,,,,,,,,,,,,,,,,,,,,,,,,,,,,,,,,,,,,
,,,,,,,,,,,,,,,,,,,,,,,,,,,,,,,,,,,,,,,,,,,,,,,,,,,,,,,,,,,,,,,,,,,,,,,,,,,,,,,,,,,,,,,,,,,,,,,,,,,,,,,,,,,,,,,,,,,,,,,,,,,,,,,,,,,,,,,,,,,,,,,,,,,,,,,,,,,,,,,,,,,,,,,,,,,,,,,,,,,,,,,,,,,,,,,,,,,,,,,,,,,,,,,,,,,,,,,,,,,,,,,,,,,,,,,,,,,,,,,,,,
,,,,,,,,,,,,,,,,,,,,,,,,,,,,,,,,,,,,,,,,,,,,,,,,,,,,,,,,,,,,,,,,,,,,,,,,,,,,,,,,,,,,,,,,,,,,,,,,,,,,,,,,,,,,,,,,,,,,,,,,,,,,,,,,,,,,,,,,,,,,,,,,,,,,,,,,,,,,,,,,,,,,,,,,,,,,,,,,,,,,,,,,,,,,,,,,,,,,,,,,,,,,,,,,,,,,,,,,,,,,,,,,,,,,,,,,,,,,,,,,,,
,,,,,,,,,,,,,,,,,,,,,,,,,,,,,,,,,,,,,,,,,,,,,,,,,,,,,,,,,,,,,,,,,,,,,,,,,,,,,,,,,,,,,,,,,,,,,,,,,,,,,,,,,,,,,,,,,,,,,,,,,,,,,,,,,,,,,,,,,,,,,,,,,,,,,,,,,,,,,,,,,,,,,,,,,,,,,,,,,,,,,,,,,,,,,,,,,,,,,,,,,,,,,,,,,,,,,,,,,,,,,,,,,,,,,,,,,,,,,,,,,,
,,,,,,,,,,,,,,,,,,,,,,,,,,,,,,,,,,,,,,,,,,,,,,,,,,,,,,,,,,,,,,,,,,,,,,,,,,,,,,,,,,,,,,,,,,,,,,,,,,,,,,,,,,,,,,,,,,,,,,,,,,,,,,,,,,,,,,,,,,,,,,,,,,,,,,,,,,,,,,,,,,,,,,,,,,,,,,,,,,,,,,,,,,,,,,,,,,,,,,,,,,,,,,,,,,,,,,,,,,,,,,,,,,,,,,,,,,,,,,,,,,
